==================== 2026-05-06T11:47:28.969975Z | 85d2f240-f0cc-4f4a-9f8f-dbaf9ee15363 ====================
11:47:28.970083 [info ]: Starting dbt LSP server
11:47:28.970141 [info ]: Connecting to LSP client on port 8000
11:47:28.971536 [info ]: Successfully connected to LSP client
11:47:28.971545 [info ]: Creating LSP service...
11:47:29.025903 [info ]: Creating LSP server...
11:47:29.025919 [info ]: Starting LSP server...
11:47:29.042465 [info ]: Loading profiles.yml
11:47:29.074200 [info ]: Started loading project
11:47:29.074753 [info ]: Loading profiles.yml
11:47:29.076499 [debug]:    Started loading packages
11:47:29.078671 [debug]:     Loaded [  0.00s] packages
11:47:29.079778 [info ]: Started parsing
11:47:29.102144 [info ]: Finished loading project [  0.03s]
11:47:29.106233 [debug]: Finished parsing models\pollution_raw_data.sql [  0.00s]
11:47:29.107760 [debug]: Finished parsing models\transform_311.sql [  0.00s]
11:47:29.108775 [info ]: Finished parsing [  0.03s]
11:47:29.109104 [info ]: Cached model count updated: 2 models (estimate)
11:47:29.109112 [info ]: Cached model count updated: 2 models (accurate)
11:47:29.109177 [info ]: Started scheduling
11:47:29.109383 [info ]: Finished scheduling [  0.00s]
11:47:29.109408 [debug]: Compilation - 1 nodes selected: {"model.nyc_311_project.pollution_raw_data"}
11:47:29.109437 [info ]: Started scheduling
11:47:29.109455 [info ]: Finished scheduling [  0.00s]
11:47:29.227296 [info ]: Started building task graph
11:47:29.227445 [info ]: Finished building task graph [  0.00s]
11:47:29.227795 [info ]: Started rendering (1 nodes)
11:47:29.227855 [info ]: Started model nyc_311_raw_data.pollution_raw_data
11:47:29.227891 [debug]: Started rendering model nyc_311_raw_data.pollution_raw_data
11:47:29.229862 [debug]: Compiled SQL for node model.nyc_311_project.pollution_raw_data at target\.lsp\compiled\nyc_311_project\models\pollution_raw_data.sql
11:47:29.230040 [debug]: Finished rendering [  0.00s] model nyc_311_raw_data.pollution_raw_data [success]
11:47:29.230055 [info ]: Finished rendering [  0.00s] (1 nodes, 0 skipped, 0 errors)
11:47:29.230084 [info ]: Started analyzing (1 nodes)
11:47:29.230093 [debug]: Started analyzing model nyc_311_raw_data.pollution_raw_data
11:47:29.234639 [debug]: Finished analyzing [  0.00s] model nyc_311_raw_data.pollution_raw_data [success]
11:47:29.234655 [info ]: Finished analyzing [  0.00s] (1 nodes, 0 skipped, 0 errors)
11:47:29.234663 [info ]:  Succeeded [  0.01s] model nyc_311_raw_data.pollution_raw_data (table)
11:47:29.238221 [info ]: Started scheduling
11:47:29.238246 [info ]: Finished scheduling [  0.00s]
11:47:29.238644 [info ]: Cached model count updated: 2 models (accurate)
11:47:30.784606 [info ]: Started loading project
11:47:30.785088 [info ]: Loading profiles.yml
11:47:30.802166 [info ]: Cached model count updated: 2 models (estimate)
11:47:30.802183 [info ]: Cached model count updated: 2 models (accurate)
11:47:30.802201 [info ]: Started scheduling
11:47:30.802236 [info ]: Finished scheduling [  0.00s]
11:47:30.802246 [debug]: Compilation - 1 nodes selected: {"model.nyc_311_project.pollution_raw_data"}
11:47:30.904506 [info ]: Started building task graph
11:47:30.904537 [info ]: Finished building task graph [  0.00s]
11:47:30.904632 [info ]: Started rendering (1 nodes)
11:47:30.904653 [info ]: Started model nyc_311_raw_data.pollution_raw_data
11:47:30.904662 [debug]: Started rendering model nyc_311_raw_data.pollution_raw_data
11:47:30.904701 [info ]: Finished loading project [  0.12s]
11:47:30.905028 [debug]: Compiled SQL for node model.nyc_311_project.pollution_raw_data at target\.lsp\compiled\nyc_311_project\models\pollution_raw_data.sql
11:47:30.905156 [debug]: Finished rendering [  0.00s] model nyc_311_raw_data.pollution_raw_data [success]
11:47:30.905167 [info ]: Finished rendering [  0.00s] (1 nodes, 0 skipped, 0 errors)
11:47:30.905181 [info ]: Started analyzing (1 nodes)
11:47:30.905188 [debug]: Started analyzing model nyc_311_raw_data.pollution_raw_data
11:47:30.905343 [debug]: Finished analyzing [  0.00s] model nyc_311_raw_data.pollution_raw_data [success]
11:47:30.905351 [info ]: Finished analyzing [  0.00s] (1 nodes, 0 skipped, 0 errors)
11:47:30.905356 [info ]:  Succeeded [-------] model nyc_311_raw_data.pollution_raw_data (table)
11:47:30.908318 [info ]: Started scheduling
11:47:30.908340 [info ]: Finished scheduling [  0.00s]
11:47:30.909381 [info ]: Cached model count updated: 2 models (accurate)
11:47:32.456584 [info ]: Started loading project
11:47:32.457535 [info ]: Loading profiles.yml
11:47:32.474757 [info ]: Cached model count updated: 2 models (estimate)
11:47:32.474765 [info ]: Cached model count updated: 2 models (accurate)
11:47:32.474775 [info ]: Started scheduling
11:47:32.474798 [info ]: Finished scheduling [  0.00s]
11:47:32.474807 [debug]: Compilation - 1 nodes selected: {"model.nyc_311_project.pollution_raw_data"}
11:47:32.569581 [info ]: Started building task graph
11:47:32.569605 [info ]: Finished building task graph [  0.00s]
11:47:32.569680 [info ]: Started rendering (1 nodes)
11:47:32.569690 [info ]: Started model nyc_311_raw_data.pollution_raw_data
11:47:32.569699 [debug]: Started rendering model nyc_311_raw_data.pollution_raw_data
11:47:32.569725 [info ]: Finished loading project [  0.11s]
11:47:32.570286 [debug]: Compiled SQL for node model.nyc_311_project.pollution_raw_data at target\.lsp\compiled\nyc_311_project\models\pollution_raw_data.sql
11:47:32.570337 [debug]: Finished rendering [  0.00s] model nyc_311_raw_data.pollution_raw_data [success]
11:47:32.570348 [info ]: Finished rendering [  0.00s] (1 nodes, 0 skipped, 0 errors)
11:47:32.570357 [info ]: Started analyzing (1 nodes)
11:47:32.570363 [debug]: Started analyzing model nyc_311_raw_data.pollution_raw_data
11:47:32.570516 [debug]: Finished analyzing [  0.00s] model nyc_311_raw_data.pollution_raw_data [success]
11:47:32.570523 [info ]: Finished analyzing [  0.00s] (1 nodes, 0 skipped, 0 errors)
11:47:32.570528 [info ]:  Succeeded [-------] model nyc_311_raw_data.pollution_raw_data (table)
11:47:32.572797 [info ]: Started scheduling
11:47:32.572814 [info ]: Finished scheduling [  0.00s]
11:47:32.573812 [info ]: Cached model count updated: 2 models (accurate)
11:47:40.459796 [info ]: Started loading project
11:47:40.460279 [info ]: Loading profiles.yml
11:47:40.480938 [info ]: Cached model count updated: 2 models (estimate)
11:47:40.480957 [info ]: Cached model count updated: 2 models (accurate)
11:47:40.480980 [info ]: Started scheduling
11:47:40.481024 [info ]: Finished scheduling [  0.00s]
11:47:40.481038 [debug]: Compilation - 0 nodes selected: {}
11:47:40.481079 [warn ]: dbt1092: The selection criterion '+fqn:model.nyc_311_project.transform_311' does not match any enabled nodes
11:47:40.481109 [warn ]: dbt1601: Nothing to do. Try checking your model configs and model specification args
11:47:40.583899 [info ]: Started building task graph
11:47:40.583921 [info ]: Finished building task graph [  0.00s]
11:47:40.586618 [info ]: Started scheduling
11:47:40.586640 [info ]: Finished scheduling [  0.00s]
11:47:40.586844 [info ]: Finished loading project [  0.13s]
11:47:40.587054 [info ]: Cached model count updated: 2 models (accurate)
11:47:40.588422 [info ]: Waiting for lease on 'target' directory
11:47:41.031655 [info ]: Started loading project
11:47:41.032274 [info ]: Loading profiles.yml
11:47:41.048230 [info ]: Cached model count updated: 2 models (estimate)
11:47:41.048240 [info ]: Cached model count updated: 2 models (accurate)
11:47:41.048255 [info ]: Started scheduling
11:47:41.048282 [info ]: Finished scheduling [  0.00s]
11:47:41.048291 [debug]: Compilation - 0 nodes selected: {}
11:47:41.048299 [warn ]: dbt1092: The selection criterion '+fqn:model.nyc_311_project.transform_311' does not match any enabled nodes
11:47:41.048305 [warn ]: dbt1601: Nothing to do. Try checking your model configs and model specification args
11:47:41.143745 [info ]: Started building task graph
11:47:41.143766 [info ]: Finished building task graph [  0.00s]
11:47:41.146427 [info ]: Started scheduling
11:47:41.146449 [info ]: Finished scheduling [  0.00s]
11:47:41.146644 [info ]: Finished loading project [  0.11s]
11:47:41.146859 [info ]: Cached model count updated: 2 models (accurate)
11:47:41.148344 [info ]: Waiting for lease on 'target' directory
11:47:41.596270 [info ]: Started loading project
11:47:41.596733 [info ]: Loading profiles.yml
11:47:41.612836 [info ]: Cached model count updated: 2 models (estimate)
11:47:41.612845 [info ]: Cached model count updated: 2 models (accurate)
11:47:41.612860 [info ]: Started scheduling
11:47:41.612888 [info ]: Finished scheduling [  0.00s]
11:47:41.612897 [debug]: Compilation - 0 nodes selected: {}
11:47:41.612905 [warn ]: dbt1092: The selection criterion '+fqn:model.nyc_311_project.transform_311' does not match any enabled nodes
11:47:41.612911 [warn ]: dbt1601: Nothing to do. Try checking your model configs and model specification args
11:47:41.710169 [info ]: Started building task graph
11:47:41.710190 [info ]: Finished building task graph [  0.00s]
11:47:41.712753 [info ]: Started scheduling
11:47:41.712773 [info ]: Finished scheduling [  0.00s]
11:47:41.712965 [info ]: Finished loading project [  0.12s]
11:47:41.713183 [info ]: Cached model count updated: 2 models (accurate)
11:47:41.715529 [info ]: Waiting for lease on 'target' directory
11:47:42.155743 [info ]: Started loading project
11:47:42.156213 [info ]: Loading profiles.yml
11:47:42.172068 [info ]: Cached model count updated: 2 models (estimate)
11:47:42.172077 [info ]: Cached model count updated: 2 models (accurate)
11:47:42.172093 [info ]: Started scheduling
11:47:42.172120 [info ]: Finished scheduling [  0.00s]
11:47:42.172129 [debug]: Compilation - 0 nodes selected: {}
11:47:42.172137 [warn ]: dbt1092: The selection criterion '+fqn:model.nyc_311_project.transform_311' does not match any enabled nodes
11:47:42.172143 [warn ]: dbt1601: Nothing to do. Try checking your model configs and model specification args
11:47:42.267707 [info ]: Started building task graph
11:47:42.267728 [info ]: Finished building task graph [  0.00s]
11:47:42.270307 [info ]: Started scheduling
11:47:42.270328 [info ]: Finished scheduling [  0.00s]
11:47:42.270516 [info ]: Finished loading project [  0.11s]
11:47:42.270727 [info ]: Cached model count updated: 2 models (accurate)
11:47:43.819041 [info ]: Started loading project
11:47:43.819532 [info ]: Loading profiles.yml
11:47:43.835903 [info ]: Cached model count updated: 2 models (estimate)
11:47:43.835917 [info ]: Cached model count updated: 2 models (accurate)
11:47:43.835936 [info ]: Started scheduling
11:47:43.835968 [info ]: Finished scheduling [  0.00s]
11:47:43.835978 [debug]: Compilation - 0 nodes selected: {}
11:47:43.835987 [warn ]: dbt1092: The selection criterion '+fqn:model.nyc_311_project.transform_311+' does not match any enabled nodes
11:47:43.835994 [warn ]: dbt1601: Nothing to do. Try checking your model configs and model specification args
11:47:43.934164 [info ]: Started building task graph
11:47:43.934188 [info ]: Finished building task graph [  0.00s]
11:47:43.937221 [info ]: Started scheduling
11:47:43.937245 [info ]: Finished scheduling [  0.00s]
11:47:43.937468 [info ]: Finished loading project [  0.12s]
11:47:43.938599 [info ]: Cached model count updated: 2 models (accurate)
11:47:45.483756 [info ]: Started loading project
11:47:45.484285 [info ]: Loading profiles.yml
11:47:45.503228 [info ]: Cached model count updated: 2 models (estimate)
11:47:45.503240 [info ]: Cached model count updated: 2 models (accurate)
11:47:45.503253 [info ]: Started scheduling
11:47:45.503278 [info ]: Finished scheduling [  0.00s]
11:47:45.503287 [debug]: Compilation - 1 nodes selected: {"model.nyc_311_project.pollution_raw_data"}
11:47:45.598958 [info ]: Started building task graph
11:47:45.598990 [info ]: Finished building task graph [  0.00s]
11:47:45.599079 [info ]: Started rendering (1 nodes)
11:47:45.599091 [info ]: Started model nyc_311_raw_data.pollution_raw_data
11:47:45.599099 [debug]: Started rendering model nyc_311_raw_data.pollution_raw_data
11:47:45.599130 [info ]: Finished loading project [  0.12s]
11:47:45.599701 [debug]: Compiled SQL for node model.nyc_311_project.pollution_raw_data at target\.lsp\compiled\nyc_311_project\models\pollution_raw_data.sql
11:47:45.599751 [debug]: Finished rendering [  0.00s] model nyc_311_raw_data.pollution_raw_data [success]
11:47:45.599764 [info ]: Finished rendering [  0.00s] (1 nodes, 0 skipped, 0 errors)
11:47:45.599776 [info ]: Started analyzing (1 nodes)
11:47:45.599783 [debug]: Started analyzing model nyc_311_raw_data.pollution_raw_data
11:47:45.599942 [debug]: Finished analyzing [  0.00s] model nyc_311_raw_data.pollution_raw_data [success]
11:47:45.599949 [info ]: Finished analyzing [  0.00s] (1 nodes, 0 skipped, 0 errors)
11:47:45.599954 [info ]:  Succeeded [-------] model nyc_311_raw_data.pollution_raw_data (table)
11:47:45.602726 [info ]: Started scheduling
11:47:45.602747 [info ]: Finished scheduling [  0.00s]
11:47:45.603902 [info ]: Cached model count updated: 2 models (accurate)
11:49:09.687166 [info ]: Started loading project
11:49:09.687784 [info ]: Loading profiles.yml
11:49:09.706684 [info ]: Cached model count updated: 2 models (estimate)
11:49:09.706699 [info ]: Cached model count updated: 2 models (accurate)
11:49:09.706718 [info ]: Started scheduling
11:49:09.706747 [info ]: Finished scheduling [  0.00s]
11:49:09.706758 [debug]: Compilation - 0 nodes selected: {}
11:49:09.706768 [warn ]: dbt1092: The selection criterion '+fqn:model.nyc_311_project.transform_311' does not match any enabled nodes
11:49:09.706774 [warn ]: dbt1601: Nothing to do. Try checking your model configs and model specification args
11:49:09.801864 [info ]: Started building task graph
11:49:09.801886 [info ]: Finished building task graph [  0.00s]
11:49:09.804638 [info ]: Started scheduling
11:49:09.804660 [info ]: Finished scheduling [  0.00s]
11:49:09.804859 [info ]: Finished loading project [  0.12s]
11:49:09.805064 [info ]: Cached model count updated: 2 models (accurate)
11:49:11.366113 [info ]: Started loading project
11:49:11.366545 [info ]: Loading profiles.yml
11:49:11.383263 [info ]: Cached model count updated: 2 models (estimate)
11:49:11.383277 [info ]: Cached model count updated: 2 models (accurate)
11:49:11.383295 [info ]: Started scheduling
11:49:11.383326 [info ]: Finished scheduling [  0.00s]
11:49:11.383337 [debug]: Compilation - 0 nodes selected: {}
11:49:11.383347 [warn ]: dbt1092: The selection criterion '+fqn:model.nyc_311_project.transform_311+' does not match any enabled nodes
11:49:11.383354 [warn ]: dbt1601: Nothing to do. Try checking your model configs and model specification args
11:49:11.484349 [info ]: Started building task graph
11:49:11.484373 [info ]: Finished building task graph [  0.00s]
11:49:11.487298 [info ]: Started scheduling
11:49:11.487320 [info ]: Finished scheduling [  0.00s]
11:49:11.487537 [info ]: Finished loading project [  0.12s]
11:49:11.488457 [info ]: Cached model count updated: 2 models (accurate)
11:49:13.042569 [info ]: Started loading project
11:49:13.043158 [info ]: Loading profiles.yml
11:49:13.060410 [info ]: Cached model count updated: 2 models (estimate)
11:49:13.060423 [info ]: Cached model count updated: 2 models (accurate)
11:49:13.060437 [info ]: Started scheduling
11:49:13.060463 [info ]: Finished scheduling [  0.00s]
11:49:13.060473 [debug]: Compilation - 1 nodes selected: {"model.nyc_311_project.pollution_raw_data"}
11:49:13.160793 [info ]: Started building task graph
11:49:13.160830 [info ]: Finished building task graph [  0.00s]
11:49:13.160941 [info ]: Started rendering (1 nodes)
11:49:13.160954 [info ]: Started model nyc_311_raw_data.pollution_raw_data
11:49:13.160963 [debug]: Started rendering model nyc_311_raw_data.pollution_raw_data
11:49:13.161001 [info ]: Finished loading project [  0.12s]
11:49:13.161437 [debug]: Compiled SQL for node model.nyc_311_project.pollution_raw_data at target\.lsp\compiled\nyc_311_project\models\pollution_raw_data.sql
11:49:13.161486 [debug]: Finished rendering [  0.00s] model nyc_311_raw_data.pollution_raw_data [success]
11:49:13.161496 [info ]: Finished rendering [  0.00s] (1 nodes, 0 skipped, 0 errors)
11:49:13.161505 [info ]: Started analyzing (1 nodes)
11:49:13.161509 [debug]: Started analyzing model nyc_311_raw_data.pollution_raw_data
11:49:13.161653 [debug]: Finished analyzing [  0.00s] model nyc_311_raw_data.pollution_raw_data [success]
11:49:13.161660 [info ]: Finished analyzing [  0.00s] (1 nodes, 0 skipped, 0 errors)
11:49:13.161664 [info ]:  Succeeded [-------] model nyc_311_raw_data.pollution_raw_data (table)
11:49:13.164819 [info ]: Started scheduling
11:49:13.164845 [info ]: Finished scheduling [  0.00s]
11:49:13.166224 [info ]: Cached model count updated: 2 models (accurate)
==================== 2026-05-06T11:50:26.890453Z | 32734be7-4617-4161-bed0-fc7e044e9067 ====================
11:50:26.890498 [info ]: Starting dbt LSP server
11:50:26.890522 [info ]: Connecting to LSP client on port 8000
11:50:26.891806 [info ]: Successfully connected to LSP client
11:50:26.891815 [info ]: Creating LSP service...
11:50:26.944655 [info ]: Creating LSP server...
11:50:26.944669 [info ]: Starting LSP server...
==================== 2026-05-06T12:04:46.636078Z | a6c27398-b602-413f-a35a-fb14f381eb1b ====================
12:04:46.636122 [info ]: Starting dbt LSP server
12:04:46.636147 [info ]: Connecting to LSP client on port 8000
12:04:46.637423 [info ]: Successfully connected to LSP client
12:04:46.637431 [info ]: Creating LSP service...
12:04:46.690730 [info ]: Creating LSP server...
12:04:46.690745 [info ]: Starting LSP server...
==================== 2026-05-06T12:12:46.343516Z | 5c79f944-1a12-456e-bfb5-bf87d1959df1 ====================
12:12:46.343562 [info ]: Starting dbt LSP server
12:12:46.343586 [info ]: Connecting to LSP client on port 8000
12:12:46.344909 [info ]: Successfully connected to LSP client
12:12:46.344920 [info ]: Creating LSP service...
12:12:46.404107 [info ]: Creating LSP server...
12:12:46.404126 [info ]: Starting LSP server...
==================== 2026-05-06T12:16:21.425824Z | bdaaa5fd-711e-4e0c-88e3-0009fdf61142 ====================
12:16:21.425869 [info ]: Starting dbt LSP server
12:16:21.425893 [info ]: Connecting to LSP client on port 8000
12:16:21.427214 [info ]: Successfully connected to LSP client
12:16:21.427224 [info ]: Creating LSP service...
12:16:21.486945 [info ]: Creating LSP server...
12:16:21.486960 [info ]: Starting LSP server...
==================== 2026-05-06T13:27:26.894638Z | 45c10afb-9d31-4036-a6d8-cd771411b50a ====================
13:27:26.894685 [info ]: Starting dbt LSP server
13:27:26.894710 [info ]: Connecting to LSP client on port 8000
13:27:26.895946 [info ]: Successfully connected to LSP client
13:27:26.895956 [info ]: Creating LSP service...
13:27:26.951217 [info ]: Creating LSP server...
13:27:26.951231 [info ]: Starting LSP server...
13:27:37.760009 [info ]: Loading profiles.yml
13:36:58.407436 [info ]: Started loading project
13:36:58.407930 [info ]: Loading profiles.yml
13:36:58.419362 [debug]:    Started loading packages
13:36:58.421403 [debug]:     Loaded [  0.00s] packages
13:36:58.422115 [info ]: Started parsing
13:36:58.441715 [info ]: Finished loading project [  0.03s]
13:36:58.443870 [debug]: Finished parsing models\pollution_raw_data.sql [  0.00s]
13:36:58.445060 [debug]: Finished parsing models\transform_311.sql [  0.00s]
13:36:58.445759 [info ]: Finished parsing [  0.02s]
13:36:58.446171 [info ]: Cached model count updated: 2 models (estimate)
13:36:58.446180 [info ]: Cached model count updated: 2 models (accurate)
13:36:58.446204 [info ]: Started scheduling
13:36:58.446259 [info ]: Finished scheduling [  0.00s]
13:36:58.446270 [debug]: Compilation - 0 nodes selected: {}
13:36:58.446283 [warn ]: dbt1092: The selection criterion '' does not match any enabled nodes
13:36:58.446298 [warn ]: dbt1601: Nothing to do. Try checking your model configs and model specification args
13:36:58.446308 [info ]: Started scheduling
13:36:58.446328 [info ]: Finished scheduling [  0.00s]
13:36:58.542613 [info ]: Started building task graph
13:36:58.542655 [info ]: Finished building task graph [  0.00s]
13:36:58.545915 [info ]: Started scheduling
13:36:58.545940 [info ]: Finished scheduling [  0.00s]
13:36:58.546282 [info ]: Cached model count updated: 2 models (accurate)
13:37:00.097487 [info ]: Started loading project
13:37:00.097983 [info ]: Loading profiles.yml
13:37:00.115240 [info ]: Cached model count updated: 2 models (estimate)
13:37:00.115256 [info ]: Cached model count updated: 2 models (accurate)
13:37:00.115269 [info ]: Started scheduling
13:37:00.115295 [info ]: Finished scheduling [  0.00s]
13:37:00.115305 [debug]: Compilation - 1 nodes selected: {"model.nyc_311_project.pollution_raw_data"}
13:37:00.226558 [info ]: Started building task graph
13:37:00.226624 [info ]: Finished building task graph [  0.00s]
13:37:00.226768 [info ]: Started rendering (1 nodes)
13:37:00.226794 [info ]: Started model nyc_311_raw_data.pollution_raw_data
13:37:00.226814 [debug]: Started rendering model nyc_311_raw_data.pollution_raw_data
13:37:00.226869 [info ]: Finished loading project [  0.13s]
13:37:00.228087 [debug]: Compiled SQL for node model.nyc_311_project.pollution_raw_data at target\.lsp\compiled\nyc_311_project\models\pollution_raw_data.sql
13:37:00.228192 [debug]: Finished rendering [  0.00s] model nyc_311_raw_data.pollution_raw_data [success]
13:37:00.228204 [info ]: Finished rendering [  0.00s] (1 nodes, 0 skipped, 0 errors)
13:37:00.228220 [info ]: Started analyzing (1 nodes)
13:37:00.228228 [debug]: Started analyzing model nyc_311_raw_data.pollution_raw_data
13:37:00.231238 [debug]: Finished analyzing [  0.00s] model nyc_311_raw_data.pollution_raw_data [success]
13:37:00.231248 [info ]: Finished analyzing [  0.00s] (1 nodes, 0 skipped, 0 errors)
13:37:00.231254 [info ]:  Succeeded [  0.00s] model nyc_311_raw_data.pollution_raw_data (table)
13:37:00.237037 [info ]: Started scheduling
13:37:00.237103 [info ]: Finished scheduling [  0.00s]
13:37:00.238487 [info ]: Cached model count updated: 2 models (accurate)
16:34:37.834925 [info ]: Started loading project
16:34:37.835500 [info ]: Loading profiles.yml
16:34:37.838904 [info ]: Started loading project
16:34:37.839279 [info ]: Loading profiles.yml
16:34:37.839306 [info ]: Finished loading project [  0.00s]
16:34:37.850489 [debug]:    Started loading packages
16:34:37.852563 [debug]:     Loaded [  0.00s] packages
16:34:37.853188 [info ]: Started parsing
16:34:37.872801 [info ]: Finished loading project [  0.03s]
16:34:37.874242 [debug]: Finished parsing models\Staging\refresh_nyc_311.sql [  0.00s]
16:34:37.874710 [debug]: Finished parsing models\pollution_raw_data.sql [  0.00s]
16:34:37.876079 [debug]: Finished parsing models\transform_311.sql [  0.00s]
16:34:37.876851 [info ]: Finished parsing [  0.02s]
16:34:37.877229 [info ]: Cached model count updated: 3 models (estimate)
16:34:37.877237 [info ]: Cached model count updated: 3 models (accurate)
16:34:37.877249 [info ]: Started scheduling
16:34:37.877269 [info ]: Finished scheduling [  0.00s]
16:34:37.877276 [debug]: Compilation - 0 nodes selected: {}
16:34:37.877283 [warn ]: dbt1092: The selection criterion '' does not match any enabled nodes
16:34:37.877290 [warn ]: dbt1601: Nothing to do. Try checking your model configs and model specification args
16:34:37.877294 [info ]: Started scheduling
16:34:37.877308 [info ]: Finished scheduling [  0.00s]
16:34:37.971354 [info ]: Started building task graph
16:34:37.971376 [info ]: Finished building task graph [  0.00s]
16:34:37.974251 [info ]: Started scheduling
16:34:37.974271 [info ]: Finished scheduling [  0.00s]
16:34:37.976329 [info ]: Cached model count updated: 3 models (accurate)
16:34:39.519874 [info ]: Started loading project
16:34:39.520353 [info ]: Loading profiles.yml
16:34:39.540855 [info ]: Cached model count updated: 3 models (estimate)
16:34:39.540877 [info ]: Cached model count updated: 3 models (accurate)
16:34:39.540895 [info ]: Started scheduling
16:34:39.540927 [info ]: Finished scheduling [  0.00s]
16:34:39.540938 [debug]: Compilation - 1 nodes selected: {"model.nyc_311_project.pollution_raw_data"}
16:34:39.644436 [info ]: Started building task graph
16:34:39.644469 [info ]: Finished building task graph [  0.00s]
16:34:39.644569 [info ]: Started rendering (1 nodes)
16:34:39.644581 [info ]: Started model nyc_311_raw_data.pollution_raw_data
16:34:39.644590 [debug]: Started rendering model nyc_311_raw_data.pollution_raw_data
16:34:39.644622 [info ]: Finished loading project [  0.12s]
16:34:39.645626 [debug]: Compiled SQL for node model.nyc_311_project.pollution_raw_data at target\.lsp\compiled\nyc_311_project\models\pollution_raw_data.sql
16:34:39.645690 [debug]: Finished rendering [  0.00s] model nyc_311_raw_data.pollution_raw_data [success]
16:34:39.645702 [info ]: Finished rendering [  0.00s] (1 nodes, 0 skipped, 0 errors)
16:34:39.645712 [info ]: Started analyzing (1 nodes)
16:34:39.645718 [debug]: Started analyzing model nyc_311_raw_data.pollution_raw_data
16:34:39.645888 [debug]: Finished analyzing [  0.00s] model nyc_311_raw_data.pollution_raw_data [success]
16:34:39.645895 [info ]: Finished analyzing [  0.00s] (1 nodes, 0 skipped, 0 errors)
16:34:39.645901 [info ]:  Succeeded [  0.00s] model nyc_311_raw_data.pollution_raw_data (table)
16:34:39.648793 [info ]: Started scheduling
16:34:39.648814 [info ]: Finished scheduling [  0.00s]
16:34:39.649857 [info ]: Cached model count updated: 3 models (accurate)
16:35:14.187574 [info ]: Started loading project
16:35:14.188050 [info ]: Loading profiles.yml
16:35:14.192229 [info ]: Started parsing
16:35:14.206236 [info ]: Finished loading project [  0.02s]
16:35:14.208367 [debug]: Finished parsing models\Staging\refresh_nyc_311.sql [  0.00s]
16:35:14.208991 [info ]: Finished parsing [  0.02s]
16:35:14.209915 [info ]: Cached model count updated: 3 models (estimate)
16:35:14.209923 [info ]: Cached model count updated: 3 models (accurate)
16:35:14.209938 [info ]: Started scheduling
16:35:14.209979 [info ]: Finished scheduling [  0.00s]
16:35:14.209986 [debug]: Compilation - 1 nodes selected: {"model.nyc_311_project.refresh_nyc_311"}
16:35:14.305729 [info ]: Started building task graph
16:35:14.305759 [info ]: Finished building task graph [  0.00s]
16:35:14.305843 [info ]: Started rendering (1 nodes)
16:35:14.305853 [info ]: Started model nyc_311_raw_data.refresh_nyc_311
16:35:14.305861 [debug]: Started rendering model nyc_311_raw_data.refresh_nyc_311
16:35:14.307012 [debug]: Compiled SQL for node model.nyc_311_project.refresh_nyc_311 at target\.lsp\compiled\nyc_311_project\models\Staging\refresh_nyc_311.sql
16:35:14.307080 [debug]: Finished rendering [  0.00s] model nyc_311_raw_data.refresh_nyc_311 [success]
16:35:14.307096 [info ]: Finished rendering [  0.00s] (1 nodes, 0 skipped, 0 errors)
16:35:14.307108 [info ]: Started analyzing (1 nodes)
16:35:14.307117 [debug]: Started analyzing model nyc_311_raw_data.refresh_nyc_311
16:35:14.307282 [debug]: Finished analyzing [  0.00s] model nyc_311_raw_data.refresh_nyc_311 [success]
16:35:14.307290 [info ]: Finished analyzing [  0.00s] (1 nodes, 0 skipped, 0 errors)
16:35:14.307295 [info ]:  Succeeded [  0.00s] model nyc_311_raw_data.refresh_nyc_311 (table)
16:35:14.309918 [info ]: Started scheduling
16:35:14.309952 [info ]: Finished scheduling [  0.00s]
16:35:14.310909 [info ]: Cached model count updated: 3 models (accurate)
16:35:15.860974 [info ]: Started loading project
16:35:15.861409 [info ]: Loading profiles.yml
16:35:15.878678 [info ]: Cached model count updated: 3 models (estimate)
16:35:15.878692 [info ]: Cached model count updated: 3 models (accurate)
16:35:15.878710 [info ]: Started scheduling
16:35:15.878746 [info ]: Finished scheduling [  0.00s]
16:35:15.878756 [debug]: Compilation - 1 nodes selected: {"model.nyc_311_project.refresh_nyc_311"}
16:35:15.980846 [info ]: Started building task graph
16:35:15.980878 [info ]: Finished building task graph [  0.00s]
16:35:15.980977 [info ]: Started rendering (1 nodes)
16:35:15.980988 [info ]: Started model nyc_311_raw_data.refresh_nyc_311
16:35:15.980996 [debug]: Started rendering model nyc_311_raw_data.refresh_nyc_311
16:35:15.981027 [info ]: Finished loading project [  0.12s]
16:35:15.981390 [debug]: Compiled SQL for node model.nyc_311_project.refresh_nyc_311 at target\.lsp\compiled\nyc_311_project\models\Staging\refresh_nyc_311.sql
16:35:15.981433 [debug]: Finished rendering [  0.00s] model nyc_311_raw_data.refresh_nyc_311 [success]
16:35:15.981441 [info ]: Finished rendering [  0.00s] (1 nodes, 0 skipped, 0 errors)
16:35:15.981449 [info ]: Started analyzing (1 nodes)
16:35:15.981452 [debug]: Started analyzing model nyc_311_raw_data.refresh_nyc_311
16:35:15.981576 [debug]: Finished analyzing [  0.00s] model nyc_311_raw_data.refresh_nyc_311 [success]
16:35:15.981582 [info ]: Finished analyzing [  0.00s] (1 nodes, 0 skipped, 0 errors)
16:35:15.981586 [info ]:  Succeeded [-------] model nyc_311_raw_data.refresh_nyc_311 (table)
16:35:15.984514 [info ]: Started scheduling
16:35:15.984535 [info ]: Finished scheduling [  0.00s]
16:35:15.985529 [info ]: Cached model count updated: 3 models (accurate)
16:35:17.536688 [info ]: Started loading project
16:35:17.537351 [info ]: Loading profiles.yml
16:35:17.562366 [info ]: Cached model count updated: 3 models (estimate)
16:35:17.562374 [info ]: Cached model count updated: 3 models (accurate)
16:35:17.562387 [info ]: Started scheduling
16:35:17.562428 [info ]: Finished scheduling [  0.00s]
16:35:17.562437 [debug]: Compilation - 2 nodes selected: {"model.nyc_311_project.pollution_raw_data", "model.nyc_311_project.refresh_nyc_311"}
16:35:17.656646 [info ]: Started building task graph
16:35:17.656686 [info ]: Finished building task graph [  0.00s]
16:35:17.656773 [info ]: Started rendering (2 nodes)
16:35:17.656784 [info ]: Started model nyc_311_raw_data.refresh_nyc_311
16:35:17.656792 [debug]: Started rendering model nyc_311_raw_data.refresh_nyc_311
16:35:17.656804 [info ]: Started model nyc_311_raw_data.pollution_raw_data
16:35:17.656809 [debug]: Started rendering model nyc_311_raw_data.pollution_raw_data
16:35:17.656828 [info ]: Finished loading project [  0.12s]
16:35:17.657397 [debug]: Compiled SQL for node model.nyc_311_project.refresh_nyc_311 at target\.lsp\compiled\nyc_311_project\models\Staging\refresh_nyc_311.sql
16:35:17.657441 [debug]: Finished rendering [  0.00s] model nyc_311_raw_data.refresh_nyc_311 [success]
16:35:17.657459 [info ]: Started analyzing (2 nodes)
16:35:17.657465 [debug]: Started analyzing model nyc_311_raw_data.refresh_nyc_311
16:35:17.657509 [debug]: Compiled SQL for node model.nyc_311_project.pollution_raw_data at target\.lsp\compiled\nyc_311_project\models\pollution_raw_data.sql
16:35:17.657540 [debug]: Finished rendering [  0.00s] model nyc_311_raw_data.pollution_raw_data [success]
16:35:17.657551 [info ]: Finished rendering [  0.00s] (2 nodes, 0 skipped, 0 errors)
16:35:17.657560 [debug]: Started analyzing model nyc_311_raw_data.pollution_raw_data
16:35:17.657605 [debug]: Finished analyzing [  0.00s] model nyc_311_raw_data.refresh_nyc_311 [success]
16:35:17.657615 [info ]:  Succeeded [-------] model nyc_311_raw_data.refresh_nyc_311 (table)
16:35:17.657678 [debug]: Finished analyzing [  0.00s] model nyc_311_raw_data.pollution_raw_data [success]
16:35:17.657692 [info ]: Finished analyzing [  0.00s] (2 nodes, 0 skipped, 0 errors)
16:35:17.657697 [info ]:  Succeeded [-------] model nyc_311_raw_data.pollution_raw_data (table)
16:35:17.660017 [info ]: Started scheduling
16:35:17.660038 [info ]: Finished scheduling [  0.00s]
16:35:17.660975 [info ]: Cached model count updated: 3 models (accurate)
16:46:00.301290 [info ]: Loading profiles.yml
16:46:00.328519 [info ]: Started loading project
16:46:00.329045 [info ]: Loading profiles.yml
16:46:00.329350 [info ]: Finished loading project [  0.00s]
16:46:00.329412 [info ]: Cached model count updated: 3 models (accurate)
16:46:00.635411 [info ]: Loading profiles.yml
16:46:01.210558 [info ]: Loading profiles.yml
16:46:01.879924 [info ]: Loading profiles.yml
16:46:01.881852 [info ]: Started loading project
16:46:01.882216 [info ]: Loading profiles.yml
16:46:01.882493 [info ]: Cached model count updated: 3 models (accurate)
16:46:01.882511 [info ]: Finished loading project [  0.00s]
16:46:02.223925 [info ]: Loading profiles.yml
16:46:02.800351 [info ]: Loading profiles.yml
16:46:13.706139 [info ]: Loading profiles.yml
16:46:13.733767 [info ]: Started loading project
16:46:13.734494 [info ]: Loading profiles.yml
16:46:13.734882 [info ]: Finished loading project [  0.00s]
16:46:13.734931 [info ]: Cached model count updated: 3 models (accurate)
16:46:14.028780 [info ]: Loading profiles.yml
16:46:14.618066 [info ]: Loading profiles.yml
16:46:15.287069 [info ]: Loading profiles.yml
16:46:15.289417 [info ]: Started loading project
16:46:15.289891 [info ]: Loading profiles.yml
16:46:15.290209 [info ]: Finished loading project [  0.00s]
16:46:15.290236 [info ]: Cached model count updated: 3 models (accurate)
16:46:15.616111 [info ]: Loading profiles.yml
16:46:16.209193 [info ]: Loading profiles.yml
16:46:32.729159 [info ]: Loading profiles.yml
16:46:32.755353 [info ]: Started loading project
16:46:32.755822 [info ]: Loading profiles.yml
16:46:32.756106 [info ]: Finished loading project [  0.00s]
16:46:32.756129 [info ]: Cached model count updated: 3 models (accurate)
16:46:33.069860 [info ]: Loading profiles.yml
16:46:33.646518 [info ]: Loading profiles.yml
16:46:34.303457 [info ]: Loading profiles.yml
16:46:34.305256 [info ]: Started loading project
16:46:34.305599 [info ]: Loading profiles.yml
16:46:34.305830 [info ]: Finished loading project [  0.00s]
16:46:34.305848 [info ]: Cached model count updated: 3 models (accurate)
16:46:34.643394 [info ]: Loading profiles.yml
16:46:35.203521 [info ]: Loading profiles.yml
16:47:45.402343 [info ]: Loading profiles.yml
16:47:45.428163 [info ]: Started loading project
16:47:45.428632 [info ]: Loading profiles.yml
16:47:45.428890 [info ]: Finished loading project [  0.00s]
16:47:45.428915 [info ]: Cached model count updated: 3 models (accurate)
16:47:45.738413 [info ]: Loading profiles.yml
16:47:46.319860 [info ]: Loading profiles.yml
16:47:46.977770 [info ]: Loading profiles.yml
16:47:46.979469 [info ]: Started loading project
16:47:46.979817 [info ]: Loading profiles.yml
16:47:46.980055 [info ]: Finished loading project [  0.00s]
16:47:46.980075 [info ]: Cached model count updated: 3 models (accurate)
16:47:47.308830 [info ]: Loading profiles.yml
16:47:47.888441 [info ]: Loading profiles.yml
16:51:36.680481 [info ]: Loading profiles.yml
16:51:36.706890 [info ]: Started loading project
16:51:36.707364 [info ]: Loading profiles.yml
16:51:36.707635 [info ]: Finished loading project [  0.00s]
16:51:36.707657 [info ]: Cached model count updated: 3 models (accurate)
16:51:37.013045 [info ]: Loading profiles.yml
16:51:37.603469 [info ]: Loading profiles.yml
16:51:38.257831 [info ]: Loading profiles.yml
16:51:38.260699 [info ]: Started loading project
16:51:38.261277 [info ]: Loading profiles.yml
16:51:38.261666 [info ]: Finished loading project [  0.00s]
16:51:38.261705 [info ]: Cached model count updated: 3 models (accurate)
16:51:38.600224 [info ]: Loading profiles.yml
16:51:39.176956 [info ]: Loading profiles.yml
16:52:09.728173 [info ]: Loading profiles.yml
16:52:09.752879 [info ]: Started loading project
16:52:09.753332 [info ]: Loading profiles.yml
16:52:09.753599 [info ]: Finished loading project [  0.00s]
16:52:09.753618 [info ]: Cached model count updated: 3 models (accurate)
16:52:10.059743 [info ]: Loading profiles.yml
16:52:10.650615 [info ]: Loading profiles.yml
16:52:11.303467 [info ]: Loading profiles.yml
16:52:11.305325 [info ]: Started loading project
16:52:11.305681 [info ]: Loading profiles.yml
16:52:11.305925 [info ]: Finished loading project [  0.00s]
16:52:11.305946 [info ]: Cached model count updated: 3 models (accurate)
16:52:11.633137 [info ]: Loading profiles.yml
16:52:12.226563 [info ]: Loading profiles.yml
16:52:50.540770 [info ]: Loading profiles.yml
16:54:29.886539 [info ]: Loading profiles.yml
16:54:29.913863 [info ]: Started loading project
16:54:29.914342 [info ]: Loading profiles.yml
16:54:29.914602 [info ]: Finished loading project [  0.00s]
16:54:29.914621 [info ]: Cached model count updated: 3 models (accurate)
16:54:30.213826 [info ]: Loading profiles.yml
16:54:30.801033 [info ]: Loading profiles.yml
16:54:31.456703 [info ]: Loading profiles.yml
16:54:31.458966 [info ]: Started loading project
16:54:31.459395 [info ]: Loading profiles.yml
16:54:31.459689 [info ]: Finished loading project [  0.00s]
16:54:31.459717 [info ]: Cached model count updated: 3 models (accurate)
16:54:31.798570 [info ]: Loading profiles.yml
16:54:32.373676 [info ]: Loading profiles.yml
16:56:07.940081 [info ]: Loading profiles.yml
17:00:44.282881 [info ]: Loading profiles.yml
17:00:56.031994 [info ]: Loading profiles.yml
17:01:31.027344 [info ]: Loading profiles.yml
17:01:36.952098 [info ]: Loading profiles.yml
17:01:37.870785 [info ]: Loading profiles.yml
17:01:39.790896 [info ]: Loading profiles.yml
==================== 2026-05-07T05:49:11.138810Z | 9ea879c0-564a-4b8a-90e0-6697d65cdaa9 ====================
05:49:11.138905 [info ]: Starting dbt LSP server
05:49:11.138973 [info ]: Connecting to LSP client on port 8000
05:49:11.140325 [info ]: Successfully connected to LSP client
05:49:11.140336 [info ]: Creating LSP service...
05:49:11.203263 [info ]: Creating LSP server...
05:49:11.203278 [info ]: Starting LSP server...
05:49:11.283159 [info ]: Loading profiles.yml
05:49:29.589645 [info ]: Loading profiles.yml
05:49:33.125170 [info ]: Loading profiles.yml
05:49:44.366219 [info ]: Loading profiles.yml
05:50:33.555803 [info ]: Loading profiles.yml
05:50:36.667822 [info ]: Loading profiles.yml
05:51:04.224505 [info ]: Loading profiles.yml
05:52:09.241105 [info ]: Loading profiles.yml
05:52:09.266953 [info ]: Started loading project
05:52:09.267486 [info ]: Loading profiles.yml
05:52:09.267884 [info ]: Finished loading project [  0.00s]
05:52:09.580281 [info ]: Loading profiles.yml
05:52:10.141851 [info ]: Loading profiles.yml
06:03:04.880254 [info ]: Loading profiles.yml
06:03:09.375673 [info ]: Loading profiles.yml
06:03:09.404888 [info ]: Started loading project
06:03:09.405336 [info ]: Loading profiles.yml
06:03:09.405620 [info ]: Finished loading project [  0.00s]
06:03:10.019878 [info ]: Loading profiles.yml
06:03:10.417403 [info ]: Loading profiles.yml
06:03:32.569946 [info ]: Loading profiles.yml
06:03:42.788639 [info ]: Loading profiles.yml
06:03:43.433848 [info ]: Loading profiles.yml
06:04:23.684763 [info ]: Loading profiles.yml
06:05:17.589564 [info ]: Loading profiles.yml
06:05:20.632599 [info ]: Loading profiles.yml
06:05:33.242246 [info ]: Loading profiles.yml
06:05:42.934878 [info ]: Loading profiles.yml
06:06:10.628483 [info ]: Loading profiles.yml
06:06:18.088218 [info ]: Loading profiles.yml
06:06:26.277004 [info ]: Loading profiles.yml
06:06:35.566156 [info ]: Loading profiles.yml
06:07:28.480303 [info ]: Loading profiles.yml
06:27:20.478512 [info ]: Loading profiles.yml
06:27:20.506622 [info ]: Started loading project
06:27:20.507099 [info ]: Loading profiles.yml
06:27:20.521152 [debug]:    Started loading packages
06:27:20.523823 [debug]:     Loaded [  0.00s] packages
06:27:20.524814 [info ]: Started parsing
06:27:20.546223 [info ]: Finished loading project [  0.04s]
06:27:20.549693 [debug]: Finished parsing models\Staging\refresh_nyc_311.sql [  0.00s]
06:27:20.550038 [debug]: Finished parsing models\pollution_raw_data.sql [  0.00s]
06:27:20.551706 [debug]: Finished parsing models\transform_311.sql [  0.00s]
06:27:20.552607 [info ]: Finished parsing [  0.03s]
06:27:20.553052 [info ]: Cached model count updated: 3 models (estimate)
06:27:20.553061 [info ]: Cached model count updated: 3 models (accurate)
06:27:20.553111 [info ]: Started scheduling
06:27:20.553244 [info ]: Finished scheduling [  0.00s]
06:27:20.553266 [debug]: Compilation - 0 nodes selected: {}
06:27:20.553291 [warn ]: dbt1092: The selection criterion '' does not match any enabled nodes
06:27:20.553309 [warn ]: dbt1601: Nothing to do. Try checking your model configs and model specification args
06:27:20.553325 [info ]: Started scheduling
06:27:20.553376 [info ]: Finished scheduling [  0.00s]
06:27:20.654611 [info ]: Started building task graph
06:27:20.654690 [info ]: Finished building task graph [  0.00s]
06:27:20.658061 [info ]: Started scheduling
06:27:20.658100 [info ]: Finished scheduling [  0.00s]
06:27:20.658472 [info ]: Cached model count updated: 3 models (accurate)
06:27:22.239086 [info ]: Started loading project
06:27:22.239593 [info ]: Loading profiles.yml
06:27:22.258589 [info ]: Cached model count updated: 3 models (estimate)
06:27:22.258604 [info ]: Cached model count updated: 3 models (accurate)
06:27:22.258620 [info ]: Started scheduling
06:27:22.258652 [info ]: Finished scheduling [  0.00s]
06:27:22.258663 [debug]: Compilation - 2 nodes selected: {"model.nyc_311_project.pollution_raw_data", "model.nyc_311_project.refresh_nyc_311"}
06:27:22.362834 [info ]: Started building task graph
06:27:22.362944 [info ]: Finished building task graph [  0.00s]
06:27:22.363124 [info ]: Started rendering (2 nodes)
06:27:22.363175 [info ]: Started model nyc_311_raw_data.refresh_nyc_311
06:27:22.363210 [debug]: Started rendering model nyc_311_raw_data.refresh_nyc_311
06:27:22.363247 [info ]: Started model nyc_311_raw_data.pollution_raw_data
06:27:22.363253 [debug]: Started rendering model nyc_311_raw_data.pollution_raw_data
06:27:22.363273 [info ]: Finished loading project [  0.12s]
06:27:22.364808 [debug]: Compiled SQL for node model.nyc_311_project.pollution_raw_data at target\.lsp\compiled\nyc_311_project\models\pollution_raw_data.sql
06:27:22.364811 [debug]: Compiled SQL for node model.nyc_311_project.refresh_nyc_311 at target\.lsp\compiled\nyc_311_project\models\Staging\refresh_nyc_311.sql
06:27:22.365048 [debug]: Finished rendering [  0.00s] model nyc_311_raw_data.refresh_nyc_311 [success]
06:27:22.365084 [info ]: Started analyzing (2 nodes)
06:27:22.365094 [debug]: Started analyzing model nyc_311_raw_data.refresh_nyc_311
06:27:22.365107 [debug]: Finished rendering [  0.00s] model nyc_311_raw_data.pollution_raw_data [success]
06:27:22.365113 [info ]: Finished rendering [  0.00s] (2 nodes, 0 skipped, 0 errors)
06:27:22.365121 [debug]: Started analyzing model nyc_311_raw_data.pollution_raw_data
06:27:22.368633 [debug]: Finished analyzing [  0.00s] model nyc_311_raw_data.pollution_raw_data [success]
06:27:22.368646 [info ]:  Succeeded [  0.00s] model nyc_311_raw_data.pollution_raw_data (table)
06:27:22.368668 [debug]: Finished analyzing [  0.00s] model nyc_311_raw_data.refresh_nyc_311 [success]
06:27:22.368673 [info ]: Finished analyzing [  0.00s] (2 nodes, 0 skipped, 0 errors)
06:27:22.368678 [info ]:  Succeeded [  0.00s] model nyc_311_raw_data.refresh_nyc_311 (table)
06:27:22.371506 [info ]: Started scheduling
06:27:22.371528 [info ]: Finished scheduling [  0.00s]
06:27:22.372585 [info ]: Cached model count updated: 3 models (accurate)
07:40:45.917575 [info ]: Started loading project
07:40:45.918036 [info ]: Loading profiles.yml
07:40:45.921108 [info ]: Started loading project
07:40:45.921468 [info ]: Loading profiles.yml
07:40:45.921494 [info ]: Finished loading project [  0.00s]
07:40:45.933291 [debug]:    Started loading packages
07:40:45.935619 [debug]:     Loaded [  0.00s] packages
07:40:45.936282 [info ]: Started parsing
07:40:45.956490 [info ]: Finished loading project [  0.04s]
07:40:45.957933 [debug]: Finished parsing models\Staging\raw_service_requests.sql [  0.00s]
07:40:45.958482 [debug]: Finished parsing models\pollution_raw_data.sql [  0.00s]
07:40:45.959888 [debug]: Finished parsing models\transform_311.sql [  0.00s]
07:40:45.960763 [info ]: Finished parsing [  0.02s]
07:40:45.961199 [info ]: Cached model count updated: 3 models (estimate)
07:40:45.961208 [info ]: Cached model count updated: 3 models (accurate)
07:40:45.961222 [info ]: Started scheduling
07:40:45.961244 [info ]: Finished scheduling [  0.00s]
07:40:45.961252 [debug]: Compilation - 0 nodes selected: {}
07:40:45.961260 [warn ]: dbt1092: The selection criterion '' does not match any enabled nodes
07:40:45.961269 [warn ]: dbt1601: Nothing to do. Try checking your model configs and model specification args
07:40:45.961274 [info ]: Started scheduling
07:40:45.961291 [info ]: Finished scheduling [  0.00s]
07:40:46.062140 [info ]: Started building task graph
07:40:46.062165 [info ]: Finished building task graph [  0.00s]
07:40:46.064998 [info ]: Started scheduling
07:40:46.065020 [info ]: Finished scheduling [  0.00s]
07:40:46.067042 [info ]: Cached model count updated: 3 models (accurate)
07:40:47.632148 [info ]: Started loading project
07:40:47.632572 [info ]: Loading profiles.yml
07:40:47.649473 [info ]: Cached model count updated: 3 models (estimate)
07:40:47.649490 [info ]: Cached model count updated: 3 models (accurate)
07:40:47.649504 [info ]: Started scheduling
07:40:47.649534 [info ]: Finished scheduling [  0.00s]
07:40:47.649545 [debug]: Compilation - 2 nodes selected: {"model.nyc_311_project.pollution_raw_data", "model.nyc_311_project.raw_service_requests"}
07:40:47.748553 [info ]: Started building task graph
07:40:47.748589 [info ]: Finished building task graph [  0.00s]
07:40:47.748704 [info ]: Started rendering (2 nodes)
07:40:47.748716 [info ]: Started model nyc_311_raw_data.raw_service_requests
07:40:47.748725 [debug]: Started rendering model nyc_311_raw_data.raw_service_requests
07:40:47.748739 [info ]: Started model nyc_311_raw_data.pollution_raw_data
07:40:47.748744 [debug]: Started rendering model nyc_311_raw_data.pollution_raw_data
07:40:47.748767 [info ]: Finished loading project [  0.12s]
07:40:47.749807 [debug]: Compiled SQL for node model.nyc_311_project.pollution_raw_data at target\.lsp\compiled\nyc_311_project\models\pollution_raw_data.sql
07:40:47.749862 [debug]: Finished rendering [  0.00s] model nyc_311_raw_data.pollution_raw_data [success]
07:40:47.749882 [info ]: Started analyzing (2 nodes)
07:40:47.749889 [debug]: Started analyzing model nyc_311_raw_data.pollution_raw_data
07:40:47.750044 [debug]: Finished analyzing [  0.00s] model nyc_311_raw_data.pollution_raw_data [success]
07:40:47.750052 [info ]:  Succeeded [  0.00s] model nyc_311_raw_data.pollution_raw_data (table)
07:40:47.764297 [debug]: Compiled SQL for node model.nyc_311_project.raw_service_requests at target\.lsp\compiled\nyc_311_project\models\Staging\raw_service_requests.sql
07:40:47.764397 [debug]: Finished rendering [  0.02s] model nyc_311_raw_data.raw_service_requests [success]
07:40:47.764413 [info ]: Finished rendering [  0.02s] (2 nodes, 0 skipped, 0 errors)
07:40:47.764429 [debug]: Started analyzing model nyc_311_raw_data.raw_service_requests
07:40:47.764592 [debug]: Finished analyzing [  0.00s] model nyc_311_raw_data.raw_service_requests [success]
07:40:47.764600 [info ]: Finished analyzing [  0.01s] (2 nodes, 0 skipped, 0 errors)
07:40:47.764607 [info ]:  Succeeded [  0.01s] model nyc_311_raw_data.raw_service_requests (table)
07:40:47.768080 [info ]: Started scheduling
07:40:47.768102 [info ]: Finished scheduling [  0.00s]
07:40:47.769153 [info ]: Cached model count updated: 3 models (accurate)
07:43:43.292372 [info ]: Started loading project
07:43:43.292831 [info ]: Loading profiles.yml
07:43:43.295611 [info ]: Started loading project
07:43:43.295942 [info ]: Loading profiles.yml
07:43:43.295961 [info ]: Finished loading project [  0.00s]
07:43:43.306402 [debug]:    Started loading packages
07:43:43.308227 [debug]:     Loaded [  0.00s] packages
07:43:43.308819 [info ]: Started parsing
07:43:43.327280 [info ]: Finished loading project [  0.03s]
07:43:43.328804 [debug]: Finished parsing models\Staging\raw_service_requests.sql [  0.00s]
07:43:43.329950 [debug]: Finished parsing models\transform_311.sql [  0.00s]
07:43:43.330680 [info ]: Finished parsing [  0.02s]
07:43:43.331067 [info ]: Cached model count updated: 2 models (estimate)
07:43:43.331076 [info ]: Cached model count updated: 2 models (accurate)
07:43:43.331088 [info ]: Started scheduling
07:43:43.331106 [info ]: Finished scheduling [  0.00s]
07:43:43.331114 [debug]: Compilation - 0 nodes selected: {}
07:43:43.331121 [warn ]: dbt1092: The selection criterion '' does not match any enabled nodes
07:43:43.331128 [warn ]: dbt1601: Nothing to do. Try checking your model configs and model specification args
07:43:43.331133 [info ]: Started scheduling
07:43:43.331147 [info ]: Finished scheduling [  0.00s]
07:43:43.431987 [info ]: Started building task graph
07:43:43.432010 [info ]: Finished building task graph [  0.00s]
07:43:43.434953 [info ]: Started scheduling
07:43:43.434975 [info ]: Finished scheduling [  0.00s]
07:43:43.437031 [info ]: Cached model count updated: 2 models (accurate)
07:43:44.984512 [info ]: Started loading project
07:43:44.984991 [info ]: Loading profiles.yml
07:43:45.003588 [info ]: Cached model count updated: 2 models (estimate)
07:43:45.003605 [info ]: Cached model count updated: 2 models (accurate)
07:43:45.003622 [info ]: Started scheduling
07:43:45.003652 [info ]: Finished scheduling [  0.00s]
07:43:45.003663 [debug]: Compilation - 1 nodes selected: {"model.nyc_311_project.raw_service_requests"}
07:43:45.112301 [info ]: Started building task graph
07:43:45.112336 [info ]: Finished building task graph [  0.00s]
07:43:45.112459 [info ]: Started rendering (1 nodes)
07:43:45.112471 [info ]: Started model nyc_311_raw_data.raw_service_requests
07:43:45.112480 [debug]: Started rendering model nyc_311_raw_data.raw_service_requests
07:43:45.112513 [info ]: Finished loading project [  0.13s]
07:43:45.113546 [debug]: Compiled SQL for node model.nyc_311_project.raw_service_requests at target\.lsp\compiled\nyc_311_project\models\Staging\raw_service_requests.sql
07:43:45.113613 [debug]: Finished rendering [  0.00s] model nyc_311_raw_data.raw_service_requests [success]
07:43:45.113626 [info ]: Finished rendering [  0.00s] (1 nodes, 0 skipped, 0 errors)
07:43:45.113638 [info ]: Started analyzing (1 nodes)
07:43:45.113644 [debug]: Started analyzing model nyc_311_raw_data.raw_service_requests
07:43:45.113821 [debug]: Finished analyzing [  0.00s] model nyc_311_raw_data.raw_service_requests [success]
07:43:45.113830 [info ]: Finished analyzing [  0.00s] (1 nodes, 0 skipped, 0 errors)
07:43:45.113836 [info ]:  Succeeded [  0.00s] model nyc_311_raw_data.raw_service_requests (table)
07:43:45.118531 [info ]: Started scheduling
07:43:45.118575 [info ]: Finished scheduling [  0.00s]
07:43:45.120117 [info ]: Cached model count updated: 2 models (accurate)
08:03:37.482322 [info ]: Started loading project
08:03:37.482849 [info ]: Loading profiles.yml
08:03:37.502366 [info ]: Cached model count updated: 2 models (estimate)
08:03:37.502382 [info ]: Cached model count updated: 2 models (accurate)
08:03:37.502413 [info ]: Started scheduling
08:03:37.502487 [info ]: Finished scheduling [  0.00s]
08:03:37.502497 [debug]: Compilation - 0 nodes selected: {}
08:03:37.502511 [warn ]: dbt1092: The selection criterion '+fqn:model.nyc_311_project.transform_311' does not match any enabled nodes
08:03:37.502518 [warn ]: dbt1601: Nothing to do. Try checking your model configs and model specification args
08:03:37.606212 [info ]: Started building task graph
08:03:37.606234 [info ]: Finished building task graph [  0.00s]
08:03:37.609079 [info ]: Started scheduling
08:03:37.609102 [info ]: Finished scheduling [  0.00s]
08:03:37.609312 [info ]: Finished loading project [  0.13s]
08:03:37.609532 [info ]: Cached model count updated: 2 models (accurate)
08:03:37.611130 [info ]: Waiting for lease on 'target' directory
08:03:38.052014 [info ]: Started loading project
08:03:38.052460 [info ]: Loading profiles.yml
08:03:38.068936 [info ]: Cached model count updated: 2 models (estimate)
08:03:38.068951 [info ]: Cached model count updated: 2 models (accurate)
08:03:38.068967 [info ]: Started scheduling
08:03:38.068997 [info ]: Finished scheduling [  0.00s]
08:03:38.069006 [debug]: Compilation - 0 nodes selected: {}
08:03:38.069015 [warn ]: dbt1092: The selection criterion '+fqn:model.nyc_311_project.transform_311' does not match any enabled nodes
08:03:38.069021 [warn ]: dbt1601: Nothing to do. Try checking your model configs and model specification args
08:03:38.167380 [info ]: Started building task graph
08:03:38.167403 [info ]: Finished building task graph [  0.00s]
08:03:38.170013 [info ]: Started scheduling
08:03:38.170035 [info ]: Finished scheduling [  0.00s]
08:03:38.170252 [info ]: Finished loading project [  0.12s]
08:03:38.170466 [info ]: Cached model count updated: 2 models (accurate)
08:03:39.713370 [info ]: Started loading project
08:03:39.714014 [info ]: Loading profiles.yml
08:03:39.730788 [info ]: Cached model count updated: 2 models (estimate)
08:03:39.730798 [info ]: Cached model count updated: 2 models (accurate)
08:03:39.730811 [info ]: Started scheduling
08:03:39.730838 [info ]: Finished scheduling [  0.00s]
08:03:39.730846 [debug]: Compilation - 0 nodes selected: {}
08:03:39.730854 [warn ]: dbt1092: The selection criterion '+fqn:model.nyc_311_project.transform_311+' does not match any enabled nodes
08:03:39.730859 [warn ]: dbt1601: Nothing to do. Try checking your model configs and model specification args
08:03:39.830094 [info ]: Started building task graph
08:03:39.830119 [info ]: Finished building task graph [  0.00s]
08:03:39.833140 [info ]: Started scheduling
08:03:39.833165 [info ]: Finished scheduling [  0.00s]
08:03:39.833390 [info ]: Finished loading project [  0.12s]
08:03:39.834322 [info ]: Cached model count updated: 2 models (accurate)
08:03:41.385018 [info ]: Started loading project
08:03:41.385572 [info ]: Loading profiles.yml
08:03:41.404721 [info ]: Cached model count updated: 2 models (estimate)
08:03:41.404730 [info ]: Cached model count updated: 2 models (accurate)
08:03:41.404741 [info ]: Started scheduling
08:03:41.404764 [info ]: Finished scheduling [  0.00s]
08:03:41.404773 [debug]: Compilation - 1 nodes selected: {"model.nyc_311_project.raw_service_requests"}
08:03:41.501293 [info ]: Started building task graph
08:03:41.501317 [info ]: Finished building task graph [  0.00s]
08:03:41.501400 [info ]: Started rendering (1 nodes)
08:03:41.501411 [info ]: Started model nyc_311_raw_data.raw_service_requests
08:03:41.501419 [debug]: Started rendering model nyc_311_raw_data.raw_service_requests
08:03:41.501443 [info ]: Finished loading project [  0.12s]
08:03:41.501800 [debug]: Compiled SQL for node model.nyc_311_project.raw_service_requests at target\.lsp\compiled\nyc_311_project\models\Staging\raw_service_requests.sql
08:03:41.501834 [debug]: Finished rendering [  0.00s] model nyc_311_raw_data.raw_service_requests [success]
08:03:41.501847 [info ]: Finished rendering [  0.00s] (1 nodes, 0 skipped, 0 errors)
08:03:41.501859 [info ]: Started analyzing (1 nodes)
08:03:41.501865 [debug]: Started analyzing model nyc_311_raw_data.raw_service_requests
08:03:41.502031 [debug]: Finished analyzing [  0.00s] model nyc_311_raw_data.raw_service_requests [success]
08:03:41.502039 [info ]: Finished analyzing [  0.00s] (1 nodes, 0 skipped, 0 errors)
08:03:41.502044 [info ]:  Succeeded [-------] model nyc_311_raw_data.raw_service_requests (table)
08:03:41.504134 [info ]: Started scheduling
08:03:41.504153 [info ]: Finished scheduling [  0.00s]
08:03:41.505366 [info ]: Cached model count updated: 2 models (accurate)
08:03:46.074448 [info ]: Started loading project
08:03:46.074902 [info ]: Loading profiles.yml
08:03:46.077588 [info ]: Started loading project
08:03:46.077924 [info ]: Loading profiles.yml
08:03:46.077945 [info ]: Finished loading project [  0.00s]
08:03:46.088842 [debug]:    Started loading packages
08:03:46.090648 [debug]:     Loaded [  0.00s] packages
08:03:46.091228 [info ]: Started parsing
08:03:46.109755 [info ]: Finished loading project [  0.03s]
08:03:46.111907 [debug]: Finished parsing models\Staging\raw_service_requests.sql [  0.00s]
08:03:46.112642 [info ]: Finished parsing [  0.02s]
08:03:46.112945 [info ]: Cached model count updated: 1 models (estimate)
08:03:46.112954 [info ]: Cached model count updated: 1 models (accurate)
08:03:46.112966 [info ]: Started scheduling
08:03:46.112983 [info ]: Finished scheduling [  0.00s]
08:03:46.112990 [debug]: Compilation - 0 nodes selected: {}
08:03:46.112998 [warn ]: dbt1092: The selection criterion '' does not match any enabled nodes
08:03:46.113004 [warn ]: dbt1601: Nothing to do. Try checking your model configs and model specification args
08:03:46.113008 [info ]: Started scheduling
08:03:46.113020 [info ]: Finished scheduling [  0.00s]
08:03:46.215516 [info ]: Started building task graph
08:03:46.215539 [info ]: Finished building task graph [  0.00s]
08:03:46.218379 [info ]: Started scheduling
08:03:46.218401 [info ]: Finished scheduling [  0.00s]
08:03:46.220535 [info ]: Cached model count updated: 1 models (accurate)
08:03:47.767910 [info ]: Started loading project
08:03:47.768382 [info ]: Loading profiles.yml
08:03:47.784517 [info ]: Cached model count updated: 1 models (estimate)
08:03:47.784528 [info ]: Cached model count updated: 1 models (accurate)
08:03:47.784539 [info ]: Started scheduling
08:03:47.784561 [info ]: Finished scheduling [  0.00s]
08:03:47.784571 [debug]: Compilation - 1 nodes selected: {"model.nyc_311_project.raw_service_requests"}
08:03:47.881120 [info ]: Started building task graph
08:03:47.881152 [info ]: Finished building task graph [  0.00s]
08:03:47.881252 [info ]: Started rendering (1 nodes)
08:03:47.881264 [info ]: Started model nyc_311_raw_data.raw_service_requests
08:03:47.881272 [debug]: Started rendering model nyc_311_raw_data.raw_service_requests
08:03:47.881302 [info ]: Finished loading project [  0.11s]
08:03:47.882370 [debug]: Compiled SQL for node model.nyc_311_project.raw_service_requests at target\.lsp\compiled\nyc_311_project\models\Staging\raw_service_requests.sql
08:03:47.882430 [debug]: Finished rendering [  0.00s] model nyc_311_raw_data.raw_service_requests [success]
08:03:47.882442 [info ]: Finished rendering [  0.00s] (1 nodes, 0 skipped, 0 errors)
08:03:47.882455 [info ]: Started analyzing (1 nodes)
08:03:47.882461 [debug]: Started analyzing model nyc_311_raw_data.raw_service_requests
08:03:47.882600 [debug]: Finished analyzing [  0.00s] model nyc_311_raw_data.raw_service_requests [success]
08:03:47.882608 [info ]: Finished analyzing [  0.00s] (1 nodes, 0 skipped, 0 errors)
08:03:47.882613 [info ]:  Succeeded [  0.00s] model nyc_311_raw_data.raw_service_requests (table)
08:03:47.885328 [info ]: Started scheduling
08:03:47.885350 [info ]: Finished scheduling [  0.00s]
08:03:47.886407 [info ]: Cached model count updated: 1 models (accurate)
08:20:31.764300 [info ]: Started loading project
08:20:31.764772 [info ]: Loading profiles.yml
08:20:31.767591 [info ]: Started loading project
08:20:31.767923 [info ]: Loading profiles.yml
08:20:31.767943 [info ]: Finished loading project [  0.00s]
08:20:31.778955 [debug]:    Started loading packages
08:20:31.780879 [debug]:     Loaded [  0.00s] packages
08:20:31.781489 [info ]: Started parsing
08:20:31.800045 [info ]: Finished loading project [  0.03s]
08:20:31.801510 [debug]: Finished parsing models\Staging\raw_service_requests.sql [  0.00s]
08:20:31.802874 [debug]: Finished parsing models\Staging\stg_nyc_311_requests.sql [  0.00s]
08:20:31.803542 [info ]: Finished parsing [  0.02s]
08:20:31.803874 [info ]: Cached model count updated: 2 models (estimate)
08:20:31.803881 [info ]: Cached model count updated: 2 models (accurate)
08:20:31.803895 [info ]: Started scheduling
08:20:31.803915 [info ]: Finished scheduling [  0.00s]
08:20:31.803922 [debug]: Compilation - 0 nodes selected: {}
08:20:31.803929 [warn ]: dbt1092: The selection criterion '' does not match any enabled nodes
08:20:31.803936 [warn ]: dbt1601: Nothing to do. Try checking your model configs and model specification args
08:20:31.803941 [info ]: Started scheduling
08:20:31.803954 [info ]: Finished scheduling [  0.00s]
08:20:31.903571 [info ]: Started building task graph
08:20:31.903595 [info ]: Finished building task graph [  0.00s]
08:20:31.906384 [info ]: Started scheduling
08:20:31.906406 [info ]: Finished scheduling [  0.00s]
08:20:31.908410 [info ]: Cached model count updated: 2 models (accurate)
08:20:33.460921 [info ]: Started loading project
08:20:33.461367 [info ]: Loading profiles.yml
08:20:33.478958 [info ]: Cached model count updated: 2 models (estimate)
08:20:33.478972 [info ]: Cached model count updated: 2 models (accurate)
08:20:33.478987 [info ]: Started scheduling
08:20:33.479014 [info ]: Finished scheduling [  0.00s]
08:20:33.479024 [debug]: Compilation - 1 nodes selected: {"model.nyc_311_project.raw_service_requests"}
08:20:33.577925 [info ]: Started building task graph
08:20:33.577958 [info ]: Finished building task graph [  0.00s]
08:20:33.578052 [info ]: Started rendering (1 nodes)
08:20:33.578064 [info ]: Started model nyc_311_raw_data.raw_service_requests
08:20:33.578072 [debug]: Started rendering model nyc_311_raw_data.raw_service_requests
08:20:33.578105 [info ]: Finished loading project [  0.12s]
08:20:33.579247 [debug]: Compiled SQL for node model.nyc_311_project.raw_service_requests at target\.lsp\compiled\nyc_311_project\models\Staging\raw_service_requests.sql
08:20:33.579307 [debug]: Finished rendering [  0.00s] model nyc_311_raw_data.raw_service_requests [success]
08:20:33.579316 [info ]: Finished rendering [  0.00s] (1 nodes, 0 skipped, 0 errors)
08:20:33.579325 [info ]: Started analyzing (1 nodes)
08:20:33.579329 [debug]: Started analyzing model nyc_311_raw_data.raw_service_requests
08:20:33.579458 [debug]: Finished analyzing [  0.00s] model nyc_311_raw_data.raw_service_requests [success]
08:20:33.579464 [info ]: Finished analyzing [  0.00s] (1 nodes, 0 skipped, 0 errors)
08:20:33.579468 [info ]:  Succeeded [  0.00s] model nyc_311_raw_data.raw_service_requests (table)
08:20:33.582201 [info ]: Started scheduling
08:20:33.582221 [info ]: Finished scheduling [  0.00s]
08:20:33.583275 [info ]: Cached model count updated: 2 models (accurate)
08:26:14.650932 [info ]: Started loading project
08:26:14.651413 [info ]: Loading profiles.yml
08:26:14.655313 [info ]: Started parsing
08:26:14.668609 [info ]: Finished loading project [  0.02s]
08:26:14.670916 [debug]: Finished parsing models\Staging\stg_nyc_311_requests.sql [  0.00s]
08:26:14.671474 [info ]: Finished parsing [  0.02s]
08:26:14.672347 [info ]: Cached model count updated: 2 models (estimate)
08:26:14.672355 [info ]: Cached model count updated: 2 models (accurate)
08:26:14.672367 [info ]: Started scheduling
08:26:14.672410 [info ]: Finished scheduling [  0.00s]
08:26:14.672417 [debug]: Compilation - 2 nodes selected: {"model.nyc_311_project.raw_service_requests", "model.nyc_311_project.stg_nyc_311_requests"}
08:26:14.767834 [info ]: Started building task graph
08:26:14.767870 [info ]: Finished building task graph [  0.00s]
08:26:14.767977 [info ]: Started rendering (2 nodes)
08:26:14.767988 [info ]: Started model nyc_311_raw_data.stg_nyc_311_requests
08:26:14.767995 [debug]: Started rendering model nyc_311_raw_data.stg_nyc_311_requests
08:26:14.768009 [info ]: Started model nyc_311_raw_data.raw_service_requests
08:26:14.768013 [debug]: Started rendering model nyc_311_raw_data.raw_service_requests
08:26:14.768350 [debug]: Compiled SQL for node model.nyc_311_project.raw_service_requests at target\.lsp\compiled\nyc_311_project\models\Staging\raw_service_requests.sql
08:26:14.768402 [debug]: Finished rendering [  0.00s] model nyc_311_raw_data.raw_service_requests [success]
08:26:14.768422 [info ]: Started analyzing (2 nodes)
08:26:14.768430 [debug]: Started analyzing model nyc_311_raw_data.raw_service_requests
08:26:14.768572 [debug]: Finished analyzing [  0.00s] model nyc_311_raw_data.raw_service_requests [success]
08:26:14.768582 [info ]:  Succeeded [-------] model nyc_311_raw_data.raw_service_requests (table)
08:26:14.769331 [debug]: Compiled SQL for node model.nyc_311_project.stg_nyc_311_requests at target\.lsp\compiled\nyc_311_project\models\Staging\stg_nyc_311_requests.sql
08:26:14.769377 [debug]: Finished rendering [  0.00s] model nyc_311_raw_data.stg_nyc_311_requests [success]
08:26:14.769388 [info ]: Finished rendering [  0.00s] (2 nodes, 0 skipped, 0 errors)
08:26:14.769396 [debug]: Started analyzing model nyc_311_raw_data.stg_nyc_311_requests
08:26:14.772961 [debug]: Finished analyzing [  0.00s] model nyc_311_raw_data.stg_nyc_311_requests [success]
08:26:14.772970 [info ]: Finished analyzing [  0.00s] (2 nodes, 0 skipped, 0 errors)
08:26:14.772975 [info ]:  Succeeded [  0.00s] model nyc_311_raw_data.stg_nyc_311_requests (view)
08:26:14.775503 [info ]: Started scheduling
08:26:14.775541 [info ]: Finished scheduling [  0.00s]
08:26:14.776332 [info ]: Cached model count updated: 2 models (accurate)
08:26:16.333747 [info ]: Started loading project
08:26:16.334304 [info ]: Loading profiles.yml
08:26:16.351562 [info ]: Cached model count updated: 2 models (estimate)
08:26:16.351577 [info ]: Cached model count updated: 2 models (accurate)
08:26:16.351596 [info ]: Started scheduling
08:26:16.351638 [info ]: Finished scheduling [  0.00s]
08:26:16.351648 [debug]: Compilation - 2 nodes selected: {"model.nyc_311_project.raw_service_requests", "model.nyc_311_project.stg_nyc_311_requests"}
08:26:16.452201 [info ]: Started building task graph
08:26:16.452239 [info ]: Finished building task graph [  0.00s]
08:26:16.452336 [info ]: Started rendering (2 nodes)
08:26:16.452347 [info ]: Started model nyc_311_raw_data.stg_nyc_311_requests
08:26:16.452356 [debug]: Started rendering model nyc_311_raw_data.stg_nyc_311_requests
08:26:16.452370 [info ]: Started model nyc_311_raw_data.raw_service_requests
08:26:16.452375 [debug]: Started rendering model nyc_311_raw_data.raw_service_requests
08:26:16.452395 [info ]: Finished loading project [  0.12s]
08:26:16.452715 [debug]: Compiled SQL for node model.nyc_311_project.raw_service_requests at target\.lsp\compiled\nyc_311_project\models\Staging\raw_service_requests.sql
08:26:16.452715 [debug]: Compiled SQL for node model.nyc_311_project.stg_nyc_311_requests at target\.lsp\compiled\nyc_311_project\models\Staging\stg_nyc_311_requests.sql
08:26:16.452753 [debug]: Finished rendering [  0.00s] model nyc_311_raw_data.stg_nyc_311_requests [success]
08:26:16.452773 [info ]: Started analyzing (2 nodes)
08:26:16.452781 [debug]: Started analyzing model nyc_311_raw_data.stg_nyc_311_requests
08:26:16.452795 [debug]: Finished rendering [  0.00s] model nyc_311_raw_data.raw_service_requests [success]
08:26:16.452802 [info ]: Finished rendering [  0.00s] (2 nodes, 0 skipped, 0 errors)
08:26:16.452808 [debug]: Started analyzing model nyc_311_raw_data.raw_service_requests
08:26:16.452921 [debug]: Finished analyzing [  0.00s] model nyc_311_raw_data.raw_service_requests [success]
08:26:16.452936 [info ]:  Succeeded [-------] model nyc_311_raw_data.raw_service_requests (table)
08:26:16.453097 [debug]: Finished analyzing [  0.00s] model nyc_311_raw_data.stg_nyc_311_requests [success]
08:26:16.453106 [info ]: Finished analyzing [  0.00s] (2 nodes, 0 skipped, 0 errors)
08:26:16.453110 [info ]:  Succeeded [-------] model nyc_311_raw_data.stg_nyc_311_requests (view)
08:26:16.455918 [info ]: Started scheduling
08:26:16.455941 [info ]: Finished scheduling [  0.00s]
08:26:16.456965 [info ]: Cached model count updated: 2 models (accurate)
08:26:18.013765 [info ]: Started loading project
08:26:18.014360 [info ]: Loading profiles.yml
08:26:18.031980 [info ]: Cached model count updated: 2 models (estimate)
08:26:18.031989 [info ]: Cached model count updated: 2 models (accurate)
08:26:18.032001 [info ]: Started scheduling
08:26:18.032028 [info ]: Finished scheduling [  0.00s]
08:26:18.032037 [debug]: Compilation - 2 nodes selected: {"model.nyc_311_project.raw_service_requests", "model.nyc_311_project.stg_nyc_311_requests"}
08:26:18.126634 [info ]: Started building task graph
08:26:18.126668 [info ]: Finished building task graph [  0.00s]
08:26:18.129601 [info ]: Finished loading project [  0.12s]
08:26:18.129823 [info ]: Cached model count updated: 2 models (accurate)
08:26:18.130168 [info ]: Waiting for lease on 'target' directory
08:26:18.576546 [info ]: Started loading project
08:26:18.577062 [info ]: Loading profiles.yml
08:26:18.581715 [info ]: Started parsing
08:26:18.597241 [info ]: Finished loading project [  0.02s]
08:26:18.599386 [debug]: Finished parsing models\Staging\stg_nyc_311_requests.sql [  0.00s]
08:26:18.599990 [info ]: Finished parsing [  0.02s]
08:26:18.600926 [info ]: Cached model count updated: 2 models (estimate)
08:26:18.600934 [info ]: Cached model count updated: 2 models (accurate)
08:26:18.600947 [info ]: Started scheduling
08:26:18.600984 [info ]: Finished scheduling [  0.00s]
08:26:18.600991 [debug]: Compilation - 2 nodes selected: {"model.nyc_311_project.raw_service_requests", "model.nyc_311_project.stg_nyc_311_requests"}
08:26:18.698135 [info ]: Started building task graph
08:26:18.698172 [info ]: Finished building task graph [  0.00s]
08:26:18.698267 [info ]: Started rendering (2 nodes)
08:26:18.698278 [info ]: Started model nyc_311_raw_data.stg_nyc_311_requests
08:26:18.698286 [debug]: Started rendering model nyc_311_raw_data.stg_nyc_311_requests
08:26:18.698300 [info ]: Started model nyc_311_raw_data.raw_service_requests
08:26:18.698308 [debug]: Started rendering model nyc_311_raw_data.raw_service_requests
08:26:18.698634 [debug]: Compiled SQL for node model.nyc_311_project.raw_service_requests at target\.lsp\compiled\nyc_311_project\models\Staging\raw_service_requests.sql
08:26:18.698673 [debug]: Finished rendering [  0.00s] model nyc_311_raw_data.raw_service_requests [success]
08:26:18.698693 [info ]: Started analyzing (2 nodes)
08:26:18.698701 [debug]: Started analyzing model nyc_311_raw_data.raw_service_requests
08:26:18.698840 [debug]: Finished analyzing [  0.00s] model nyc_311_raw_data.raw_service_requests [success]
08:26:18.698849 [info ]:  Succeeded [-------] model nyc_311_raw_data.raw_service_requests (table)
08:26:18.699480 [debug]: Compiled SQL for node model.nyc_311_project.stg_nyc_311_requests at target\.lsp\compiled\nyc_311_project\models\Staging\stg_nyc_311_requests.sql
08:26:18.699523 [debug]: Finished rendering [  0.00s] model nyc_311_raw_data.stg_nyc_311_requests [success]
08:26:18.699533 [info ]: Finished rendering [  0.00s] (2 nodes, 0 skipped, 0 errors)
08:26:18.699542 [debug]: Started analyzing model nyc_311_raw_data.stg_nyc_311_requests
08:26:18.699820 [debug]: Finished analyzing [  0.00s] model nyc_311_raw_data.stg_nyc_311_requests [success]
08:26:18.699827 [info ]: Finished analyzing [  0.00s] (2 nodes, 0 skipped, 0 errors)
08:26:18.699832 [info ]:  Succeeded [  0.00s] model nyc_311_raw_data.stg_nyc_311_requests (view)
08:26:18.702435 [info ]: Started scheduling
08:26:18.702473 [info ]: Finished scheduling [  0.00s]
08:26:18.703228 [info ]: Cached model count updated: 2 models (accurate)
08:26:20.254175 [info ]: Started loading project
08:26:20.254610 [info ]: Loading profiles.yml
08:26:20.271401 [info ]: Cached model count updated: 2 models (estimate)
08:26:20.271417 [info ]: Cached model count updated: 2 models (accurate)
08:26:20.271435 [info ]: Started scheduling
08:26:20.271480 [info ]: Finished scheduling [  0.00s]
08:26:20.271491 [debug]: Compilation - 2 nodes selected: {"model.nyc_311_project.raw_service_requests", "model.nyc_311_project.stg_nyc_311_requests"}
08:26:20.370940 [info ]: Started building task graph
08:26:20.370976 [info ]: Finished building task graph [  0.00s]
08:26:20.371076 [info ]: Started rendering (2 nodes)
08:26:20.371086 [info ]: Started model nyc_311_raw_data.stg_nyc_311_requests
08:26:20.371095 [debug]: Started rendering model nyc_311_raw_data.stg_nyc_311_requests
08:26:20.371109 [info ]: Started model nyc_311_raw_data.raw_service_requests
08:26:20.371114 [debug]: Started rendering model nyc_311_raw_data.raw_service_requests
08:26:20.371136 [info ]: Finished loading project [  0.12s]
08:26:20.371434 [debug]: Compiled SQL for node model.nyc_311_project.raw_service_requests at target\.lsp\compiled\nyc_311_project\models\Staging\raw_service_requests.sql
08:26:20.371434 [debug]: Compiled SQL for node model.nyc_311_project.stg_nyc_311_requests at target\.lsp\compiled\nyc_311_project\models\Staging\stg_nyc_311_requests.sql
08:26:20.371472 [debug]: Finished rendering [  0.00s] model nyc_311_raw_data.stg_nyc_311_requests [success]
08:26:20.371486 [info ]: Started analyzing (2 nodes)
08:26:20.371491 [debug]: Started analyzing model nyc_311_raw_data.stg_nyc_311_requests
08:26:20.371502 [debug]: Finished rendering [  0.00s] model nyc_311_raw_data.raw_service_requests [success]
08:26:20.371507 [info ]: Finished rendering [  0.00s] (2 nodes, 0 skipped, 0 errors)
08:26:20.371511 [debug]: Started analyzing model nyc_311_raw_data.raw_service_requests
08:26:20.371613 [debug]: Finished analyzing [  0.00s] model nyc_311_raw_data.raw_service_requests [success]
08:26:20.371620 [info ]:  Succeeded [-------] model nyc_311_raw_data.raw_service_requests (table)
08:26:20.371853 [debug]: Finished analyzing [  0.00s] model nyc_311_raw_data.stg_nyc_311_requests [success]
08:26:20.371864 [info ]: Finished analyzing [  0.00s] (2 nodes, 0 skipped, 0 errors)
08:26:20.371870 [info ]:  Succeeded [-------] model nyc_311_raw_data.stg_nyc_311_requests (view)
08:26:20.374587 [info ]: Started scheduling
08:26:20.374610 [info ]: Finished scheduling [  0.00s]
08:26:20.375805 [info ]: Cached model count updated: 2 models (accurate)
08:26:21.927600 [info ]: Started loading project
08:26:21.928024 [info ]: Loading profiles.yml
08:26:21.943874 [info ]: Cached model count updated: 2 models (estimate)
08:26:21.943886 [info ]: Cached model count updated: 2 models (accurate)
08:26:21.943899 [info ]: Started scheduling
08:26:21.943928 [info ]: Finished scheduling [  0.00s]
08:26:21.943938 [debug]: Compilation - 2 nodes selected: {"model.nyc_311_project.raw_service_requests", "model.nyc_311_project.stg_nyc_311_requests"}
08:26:22.041330 [info ]: Started building task graph
08:26:22.041368 [info ]: Finished building task graph [  0.00s]
08:26:22.041470 [info ]: Started rendering (2 nodes)
08:26:22.041481 [info ]: Started model nyc_311_raw_data.stg_nyc_311_requests
08:26:22.041489 [debug]: Started rendering model nyc_311_raw_data.stg_nyc_311_requests
08:26:22.041504 [info ]: Started model nyc_311_raw_data.raw_service_requests
08:26:22.041509 [debug]: Started rendering model nyc_311_raw_data.raw_service_requests
08:26:22.041531 [info ]: Finished loading project [  0.11s]
08:26:22.041857 [debug]: Compiled SQL for node model.nyc_311_project.stg_nyc_311_requests at target\.lsp\compiled\nyc_311_project\models\Staging\stg_nyc_311_requests.sql
08:26:22.041857 [debug]: Compiled SQL for node model.nyc_311_project.raw_service_requests at target\.lsp\compiled\nyc_311_project\models\Staging\raw_service_requests.sql
08:26:22.041899 [debug]: Finished rendering [  0.00s] model nyc_311_raw_data.stg_nyc_311_requests [success]
08:26:22.041921 [info ]: Started analyzing (2 nodes)
08:26:22.041929 [debug]: Started analyzing model nyc_311_raw_data.stg_nyc_311_requests
08:26:22.041944 [debug]: Finished rendering [  0.00s] model nyc_311_raw_data.raw_service_requests [success]
08:26:22.041951 [info ]: Finished rendering [  0.00s] (2 nodes, 0 skipped, 0 errors)
08:26:22.041957 [debug]: Started analyzing model nyc_311_raw_data.raw_service_requests
08:26:22.042071 [debug]: Finished analyzing [  0.00s] model nyc_311_raw_data.raw_service_requests [success]
08:26:22.042080 [info ]:  Succeeded [-------] model nyc_311_raw_data.raw_service_requests (table)
08:26:22.042238 [debug]: Finished analyzing [  0.00s] model nyc_311_raw_data.stg_nyc_311_requests [success]
08:26:22.042247 [info ]: Finished analyzing [  0.00s] (2 nodes, 0 skipped, 0 errors)
08:26:22.042251 [info ]:  Succeeded [-------] model nyc_311_raw_data.stg_nyc_311_requests (view)
08:26:22.044821 [info ]: Started scheduling
08:26:22.044841 [info ]: Finished scheduling [  0.00s]
08:26:22.045907 [info ]: Cached model count updated: 2 models (accurate)
08:26:51.468107 [info ]: Started loading project
08:26:51.468548 [info ]: Loading profiles.yml
08:26:51.472270 [info ]: Started parsing
08:26:51.485763 [info ]: Finished loading project [  0.02s]
08:26:51.488074 [debug]: Finished parsing models\Staging\stg_nyc_311_requests.sql [  0.00s]
08:26:51.488638 [info ]: Finished parsing [  0.02s]
08:26:51.489527 [info ]: Cached model count updated: 2 models (estimate)
08:26:51.489535 [info ]: Cached model count updated: 2 models (accurate)
08:26:51.489547 [info ]: Started scheduling
08:26:51.489582 [info ]: Finished scheduling [  0.00s]
08:26:51.489589 [debug]: Compilation - 2 nodes selected: {"model.nyc_311_project.raw_service_requests", "model.nyc_311_project.stg_nyc_311_requests"}
08:26:51.584957 [info ]: Started building task graph
08:26:51.584994 [info ]: Finished building task graph [  0.00s]
08:26:51.585084 [info ]: Started rendering (2 nodes)
08:26:51.585094 [info ]: Started model nyc_311_raw_data.stg_nyc_311_requests
08:26:51.585102 [debug]: Started rendering model nyc_311_raw_data.stg_nyc_311_requests
08:26:51.585116 [info ]: Started model nyc_311_raw_data.raw_service_requests
08:26:51.585120 [debug]: Started rendering model nyc_311_raw_data.raw_service_requests
08:26:51.585540 [debug]: Compiled SQL for node model.nyc_311_project.raw_service_requests at target\.lsp\compiled\nyc_311_project\models\Staging\raw_service_requests.sql
08:26:51.585581 [debug]: Finished rendering [  0.00s] model nyc_311_raw_data.raw_service_requests [success]
08:26:51.585597 [info ]: Started analyzing (2 nodes)
08:26:51.585603 [debug]: Started analyzing model nyc_311_raw_data.raw_service_requests
08:26:51.585735 [debug]: Finished analyzing [  0.00s] model nyc_311_raw_data.raw_service_requests [success]
08:26:51.585743 [info ]:  Succeeded [-------] model nyc_311_raw_data.raw_service_requests (table)
08:26:51.586291 [debug]: Compiled SQL for node model.nyc_311_project.stg_nyc_311_requests at target\.lsp\compiled\nyc_311_project\models\Staging\stg_nyc_311_requests.sql
08:26:51.586329 [debug]: Finished rendering [  0.00s] model nyc_311_raw_data.stg_nyc_311_requests [success]
08:26:51.586339 [info ]: Finished rendering [  0.00s] (2 nodes, 0 skipped, 0 errors)
08:26:51.586348 [debug]: Started analyzing model nyc_311_raw_data.stg_nyc_311_requests
08:26:51.586648 [debug]: Finished analyzing [  0.00s] model nyc_311_raw_data.stg_nyc_311_requests [success]
08:26:51.586657 [info ]: Finished analyzing [  0.00s] (2 nodes, 0 skipped, 0 errors)
08:26:51.586661 [info ]:  Succeeded [  0.00s] model nyc_311_raw_data.stg_nyc_311_requests (view)
08:26:51.589588 [info ]: Started scheduling
08:26:51.589627 [info ]: Finished scheduling [  0.00s]
08:26:51.590412 [info ]: Cached model count updated: 2 models (accurate)
08:26:53.141919 [info ]: Started loading project
08:26:53.142333 [info ]: Loading profiles.yml
08:26:53.158826 [info ]: Cached model count updated: 2 models (estimate)
08:26:53.158839 [info ]: Cached model count updated: 2 models (accurate)
08:26:53.158857 [info ]: Started scheduling
08:26:53.158898 [info ]: Finished scheduling [  0.00s]
08:26:53.158908 [debug]: Compilation - 2 nodes selected: {"model.nyc_311_project.raw_service_requests", "model.nyc_311_project.stg_nyc_311_requests"}
08:26:53.259234 [info ]: Started building task graph
08:26:53.259272 [info ]: Finished building task graph [  0.00s]
08:26:53.259371 [info ]: Started rendering (2 nodes)
08:26:53.259382 [info ]: Started model nyc_311_raw_data.stg_nyc_311_requests
08:26:53.259390 [debug]: Started rendering model nyc_311_raw_data.stg_nyc_311_requests
08:26:53.259404 [info ]: Started model nyc_311_raw_data.raw_service_requests
08:26:53.259409 [debug]: Started rendering model nyc_311_raw_data.raw_service_requests
08:26:53.259432 [info ]: Finished loading project [  0.12s]
08:26:53.259726 [debug]: Compiled SQL for node model.nyc_311_project.raw_service_requests at target\.lsp\compiled\nyc_311_project\models\Staging\raw_service_requests.sql
08:26:53.259735 [debug]: Compiled SQL for node model.nyc_311_project.stg_nyc_311_requests at target\.lsp\compiled\nyc_311_project\models\Staging\stg_nyc_311_requests.sql
08:26:53.259766 [debug]: Finished rendering [  0.00s] model nyc_311_raw_data.raw_service_requests [success]
08:26:53.259787 [info ]: Started analyzing (2 nodes)
08:26:53.259794 [debug]: Started analyzing model nyc_311_raw_data.raw_service_requests
08:26:53.259807 [debug]: Finished rendering [  0.00s] model nyc_311_raw_data.stg_nyc_311_requests [success]
08:26:53.259814 [info ]: Finished rendering [  0.00s] (2 nodes, 0 skipped, 0 errors)
08:26:53.259820 [debug]: Started analyzing model nyc_311_raw_data.stg_nyc_311_requests
08:26:53.259934 [debug]: Finished analyzing [  0.00s] model nyc_311_raw_data.raw_service_requests [success]
08:26:53.259947 [info ]:  Succeeded [-------] model nyc_311_raw_data.raw_service_requests (table)
08:26:53.260159 [debug]: Finished analyzing [  0.00s] model nyc_311_raw_data.stg_nyc_311_requests [success]
08:26:53.260167 [info ]: Finished analyzing [  0.00s] (2 nodes, 0 skipped, 0 errors)
08:26:53.260172 [info ]:  Succeeded [-------] model nyc_311_raw_data.stg_nyc_311_requests (view)
08:26:53.262841 [info ]: Started scheduling
08:26:53.262862 [info ]: Finished scheduling [  0.00s]
08:26:53.264182 [info ]: Cached model count updated: 2 models (accurate)
08:26:54.825816 [info ]: Started loading project
08:26:54.826403 [info ]: Loading profiles.yml
08:26:54.844371 [info ]: Cached model count updated: 2 models (estimate)
08:26:54.844380 [info ]: Cached model count updated: 2 models (accurate)
08:26:54.844392 [info ]: Started scheduling
08:26:54.844420 [info ]: Finished scheduling [  0.00s]
08:26:54.844429 [debug]: Compilation - 2 nodes selected: {"model.nyc_311_project.raw_service_requests", "model.nyc_311_project.stg_nyc_311_requests"}
08:26:54.938176 [info ]: Started building task graph
08:26:54.938211 [info ]: Finished building task graph [  0.00s]
08:26:54.938300 [info ]: Started rendering (2 nodes)
08:26:54.938311 [info ]: Started model nyc_311_raw_data.stg_nyc_311_requests
08:26:54.938319 [debug]: Started rendering model nyc_311_raw_data.stg_nyc_311_requests
08:26:54.938332 [info ]: Started model nyc_311_raw_data.raw_service_requests
08:26:54.938336 [debug]: Started rendering model nyc_311_raw_data.raw_service_requests
08:26:54.938360 [info ]: Finished loading project [  0.11s]
08:26:54.938637 [debug]: Compiled SQL for node model.nyc_311_project.stg_nyc_311_requests at target\.lsp\compiled\nyc_311_project\models\Staging\stg_nyc_311_requests.sql
08:26:54.938638 [debug]: Compiled SQL for node model.nyc_311_project.raw_service_requests at target\.lsp\compiled\nyc_311_project\models\Staging\raw_service_requests.sql
08:26:54.938680 [debug]: Finished rendering [  0.00s] model nyc_311_raw_data.stg_nyc_311_requests [success]
08:26:54.938699 [info ]: Started analyzing (2 nodes)
08:26:54.938707 [debug]: Started analyzing model nyc_311_raw_data.stg_nyc_311_requests
08:26:54.938719 [debug]: Finished rendering [  0.00s] model nyc_311_raw_data.raw_service_requests [success]
08:26:54.938726 [info ]: Finished rendering [  0.00s] (2 nodes, 0 skipped, 0 errors)
08:26:54.938732 [debug]: Started analyzing model nyc_311_raw_data.raw_service_requests
08:26:54.938849 [debug]: Finished analyzing [  0.00s] model nyc_311_raw_data.raw_service_requests [success]
08:26:54.938858 [info ]:  Succeeded [-------] model nyc_311_raw_data.raw_service_requests (table)
08:26:54.939056 [debug]: Finished analyzing [  0.00s] model nyc_311_raw_data.stg_nyc_311_requests [success]
08:26:54.939066 [info ]: Finished analyzing [  0.00s] (2 nodes, 0 skipped, 0 errors)
08:26:54.939072 [info ]:  Succeeded [-------] model nyc_311_raw_data.stg_nyc_311_requests (view)
08:26:54.941495 [info ]: Started scheduling
08:26:54.941515 [info ]: Finished scheduling [  0.00s]
08:26:54.942730 [info ]: Cached model count updated: 2 models (accurate)
==================== 2026-05-07T22:08:45.446173Z | da19b570-3ff4-4280-bec3-5faecc56c8cf ====================
22:08:45.446243 [info ]: Starting dbt LSP server
22:08:45.446284 [info ]: Connecting to LSP client on port 8000
22:08:45.447591 [info ]: Successfully connected to LSP client
22:08:45.447603 [info ]: Creating LSP service...
22:08:45.504239 [info ]: Creating LSP server...
22:08:45.504256 [info ]: Starting LSP server...
22:08:45.561130 [info ]: Loading profiles.yml
22:13:22.333026 [info ]: Started loading project
22:13:22.333579 [info ]: Loading profiles.yml
22:13:22.350318 [debug]:    Started loading packages
22:13:22.353617 [debug]:     Loaded [  0.00s] packages
22:13:22.355241 [info ]: Started parsing
22:13:22.377394 [info ]: Finished loading project [  0.04s]
22:13:22.381055 [debug]: Finished parsing models\Staging\raw_service_requests.sql [  0.00s]
22:13:22.383681 [debug]: Finished parsing models\Staging\stg_nyc_311_requests.sql [  0.00s]
22:13:22.384878 [info ]: Finished parsing [  0.03s]
22:13:22.385312 [info ]: Cached model count updated: 2 models (estimate)
22:13:22.385320 [info ]: Cached model count updated: 2 models (accurate)
22:13:22.385384 [info ]: Started scheduling
22:13:22.385520 [info ]: Finished scheduling [  0.00s]
22:13:22.385544 [debug]: Compilation - 0 nodes selected: {}
22:13:22.385571 [warn ]: dbt1092: The selection criterion '' does not match any enabled nodes
22:13:22.385594 [warn ]: dbt1601: Nothing to do. Try checking your model configs and model specification args
22:13:22.385612 [info ]: Started scheduling
22:13:22.385663 [info ]: Finished scheduling [  0.00s]
22:13:22.484867 [info ]: Started building task graph
22:13:22.484948 [info ]: Finished building task graph [  0.00s]
22:13:22.488289 [info ]: Started scheduling
22:13:22.488314 [info ]: Finished scheduling [  0.00s]
22:13:22.488698 [info ]: Cached model count updated: 2 models (accurate)
22:13:24.044533 [info ]: Started loading project
22:13:24.045048 [info ]: Loading profiles.yml
22:13:24.061812 [info ]: Cached model count updated: 2 models (estimate)
22:13:24.061826 [info ]: Cached model count updated: 2 models (accurate)
22:13:24.061842 [info ]: Started scheduling
22:13:24.061863 [info ]: Finished scheduling [  0.00s]
22:13:24.061873 [debug]: Compilation - 0 nodes selected: {}
22:13:24.061880 [warn ]: dbt1092: The selection criterion '' does not match any enabled nodes
22:13:24.061887 [warn ]: dbt1601: Nothing to do. Try checking your model configs and model specification args
22:13:24.159483 [info ]: Started building task graph
22:13:24.159505 [info ]: Finished building task graph [  0.00s]
22:13:24.162058 [info ]: Started scheduling
22:13:24.162080 [info ]: Finished scheduling [  0.00s]
22:13:24.162271 [info ]: Finished loading project [  0.12s]
22:13:24.163240 [info ]: Cached model count updated: 2 models (accurate)
22:13:25.719132 [info ]: Started loading project
22:13:25.720213 [info ]: Loading profiles.yml
22:13:25.739426 [info ]: Cached model count updated: 2 models (estimate)
22:13:25.739434 [info ]: Cached model count updated: 2 models (accurate)
22:13:25.739446 [info ]: Started scheduling
22:13:25.739474 [info ]: Finished scheduling [  0.00s]
22:13:25.739484 [debug]: Compilation - 2 nodes selected: {"model.nyc_311_project.raw_service_requests", "model.nyc_311_project.stg_nyc_311_requests"}
22:13:25.835188 [info ]: Started building task graph
22:13:25.835284 [info ]: Finished building task graph [  0.00s]
22:13:25.835432 [info ]: Started rendering (2 nodes)
22:13:25.835479 [info ]: Started model nyc_311_raw_data.stg_nyc_311_requests
22:13:25.835516 [debug]: Started rendering model nyc_311_raw_data.stg_nyc_311_requests
22:13:25.835545 [info ]: Started model nyc_311_raw_data.raw_service_requests
22:13:25.835549 [debug]: Started rendering model nyc_311_raw_data.raw_service_requests
22:13:25.835569 [info ]: Finished loading project [  0.12s]
22:13:25.837216 [debug]: Compiled SQL for node model.nyc_311_project.raw_service_requests at target\.lsp\compiled\nyc_311_project\models\Staging\raw_service_requests.sql
22:13:25.837303 [debug]: Compiled SQL for node model.nyc_311_project.stg_nyc_311_requests at target\.lsp\compiled\nyc_311_project\models\Staging\stg_nyc_311_requests.sql
22:13:25.837361 [debug]: Finished rendering [  0.00s] model nyc_311_raw_data.raw_service_requests [success]
22:13:25.837393 [info ]: Started analyzing (2 nodes)
22:13:25.837402 [debug]: Started analyzing model nyc_311_raw_data.raw_service_requests
22:13:25.837418 [debug]: Finished rendering [  0.00s] model nyc_311_raw_data.stg_nyc_311_requests [success]
22:13:25.837424 [info ]: Finished rendering [  0.00s] (2 nodes, 0 skipped, 0 errors)
22:13:25.837432 [debug]: Started analyzing model nyc_311_raw_data.stg_nyc_311_requests
22:13:25.840914 [debug]: Finished analyzing [  0.00s] model nyc_311_raw_data.raw_service_requests [success]
22:13:25.840927 [info ]:  Succeeded [  0.00s] model nyc_311_raw_data.raw_service_requests (table)
22:13:25.843647 [debug]: Finished analyzing [  0.01s] model nyc_311_raw_data.stg_nyc_311_requests [success]
22:13:25.843655 [info ]: Finished analyzing [  0.01s] (2 nodes, 0 skipped, 0 errors)
22:13:25.843660 [info ]:  Succeeded [  0.01s] model nyc_311_raw_data.stg_nyc_311_requests (view)
22:13:25.846094 [info ]: Started scheduling
22:13:25.846118 [info ]: Finished scheduling [  0.00s]
22:13:25.847159 [info ]: Cached model count updated: 2 models (accurate)
23:26:00.975475 [info ]: Started loading project
23:26:00.976080 [info ]: Loading profiles.yml
23:26:00.996356 [info ]: Finished loading project [  0.02s]
23:26:00.996586 [info ]: Cached model count updated: 2 models (accurate)
23:26:06.285144 [debug]: Query executed on node unknown:
select * from (
WITH raw_data AS (
    SELECT * FROM `depi-graduation-project-489604`.`nyc_311_raw_data`.`raw_service_requests` -- هنا dbt سيفهم أنه يقرأ من الجدول الذي قمنا بحمايته
)
SELECT * FROM raw_data
) limit 1000
23:26:09.081328 [info ]: Started loading project
23:26:09.081949 [info ]: Loading profiles.yml
23:26:09.101128 [info ]: Cached model count updated: 2 models (estimate)
23:26:09.101139 [info ]: Cached model count updated: 2 models (accurate)
23:26:09.101152 [info ]: Started scheduling
23:26:09.101184 [info ]: Finished scheduling [  0.00s]
23:26:09.101193 [debug]: Compilation - 2 nodes selected: {"model.nyc_311_project.raw_service_requests", "model.nyc_311_project.stg_nyc_311_requests"}
23:26:09.195234 [info ]: Started building task graph
23:26:09.195273 [info ]: Finished building task graph [  0.00s]
23:26:09.195375 [info ]: Started rendering (2 nodes)
23:26:09.195386 [info ]: Started model nyc_311_raw_data.stg_nyc_311_requests
23:26:09.195395 [debug]: Started rendering model nyc_311_raw_data.stg_nyc_311_requests
23:26:09.195411 [info ]: Started model nyc_311_raw_data.raw_service_requests
23:26:09.195415 [debug]: Started rendering model nyc_311_raw_data.raw_service_requests
23:26:09.195439 [info ]: Finished loading project [  0.11s]
23:26:09.195936 [debug]: Compiled SQL for node model.nyc_311_project.raw_service_requests at target\.lsp\compiled\nyc_311_project\models\Staging\raw_service_requests.sql
23:26:09.195936 [debug]: Compiled SQL for node model.nyc_311_project.stg_nyc_311_requests at target\.lsp\compiled\nyc_311_project\models\Staging\stg_nyc_311_requests.sql
23:26:09.195983 [debug]: Finished rendering [  0.00s] model nyc_311_raw_data.raw_service_requests [success]
23:26:09.196001 [info ]: Started analyzing (2 nodes)
23:26:09.196007 [debug]: Started analyzing model nyc_311_raw_data.raw_service_requests
23:26:09.196021 [debug]: Finished rendering [  0.00s] model nyc_311_raw_data.stg_nyc_311_requests [success]
23:26:09.196027 [info ]: Finished rendering [  0.00s] (2 nodes, 0 skipped, 0 errors)
23:26:09.196032 [debug]: Started analyzing model nyc_311_raw_data.stg_nyc_311_requests
23:26:09.196157 [debug]: Finished analyzing [  0.00s] model nyc_311_raw_data.raw_service_requests [success]
23:26:09.196169 [info ]:  Succeeded [-------] model nyc_311_raw_data.raw_service_requests (table)
23:26:09.196387 [debug]: Finished analyzing [  0.00s] model nyc_311_raw_data.stg_nyc_311_requests [success]
23:26:09.196395 [info ]: Finished analyzing [  0.00s] (2 nodes, 0 skipped, 0 errors)
23:26:09.196400 [info ]:  Succeeded [-------] model nyc_311_raw_data.stg_nyc_311_requests (view)
23:26:09.199108 [info ]: Started scheduling
23:26:09.199130 [info ]: Finished scheduling [  0.00s]
23:26:09.200346 [info ]: Cached model count updated: 2 models (accurate)
00:54:16.322390 [info ]: Started loading project
00:54:16.322892 [info ]: Loading profiles.yml
00:54:16.325853 [info ]: Started loading project
00:54:16.326233 [info ]: Loading profiles.yml
00:54:16.326256 [info ]: Finished loading project [  0.00s]
00:54:16.337551 [debug]:    Started loading packages
00:54:16.339521 [debug]:     Loaded [  0.00s] packages
00:54:16.340130 [info ]: Started parsing
00:54:16.358780 [info ]: Finished loading project [  0.03s]
00:54:16.360032 [debug]: Finished parsing models\Staging\audit_raw_311_data.sql [  0.00s]
00:54:16.360424 [debug]: Finished parsing models\Staging\raw_service_requests.sql [  0.00s]
00:54:16.362034 [debug]: Finished parsing models\Staging\stg_nyc_311_requests.sql [  0.00s]
00:54:16.362833 [info ]: Finished parsing [  0.02s]
00:54:16.363213 [info ]: Cached model count updated: 3 models (estimate)
00:54:16.363221 [info ]: Cached model count updated: 3 models (accurate)
00:54:16.363236 [info ]: Started scheduling
00:54:16.363259 [info ]: Finished scheduling [  0.00s]
00:54:16.363266 [debug]: Compilation - 0 nodes selected: {}
00:54:16.363273 [warn ]: dbt1092: The selection criterion '' does not match any enabled nodes
00:54:16.363280 [warn ]: dbt1601: Nothing to do. Try checking your model configs and model specification args
00:54:16.363286 [info ]: Started scheduling
00:54:16.363310 [info ]: Finished scheduling [  0.00s]
00:54:16.461223 [info ]: Started building task graph
00:54:16.461247 [info ]: Finished building task graph [  0.00s]
00:54:16.463987 [info ]: Started scheduling
00:54:16.464010 [info ]: Finished scheduling [  0.00s]
00:54:16.466258 [info ]: Cached model count updated: 3 models (accurate)
00:54:18.054252 [info ]: Started loading project
00:54:18.054856 [info ]: Loading profiles.yml
00:54:18.071854 [info ]: Cached model count updated: 3 models (estimate)
00:54:18.071865 [info ]: Cached model count updated: 3 models (accurate)
00:54:18.071878 [info ]: Started scheduling
00:54:18.071906 [info ]: Finished scheduling [  0.00s]
00:54:18.071916 [debug]: Compilation - 2 nodes selected: {"model.nyc_311_project.raw_service_requests", "model.nyc_311_project.stg_nyc_311_requests"}
00:54:18.166002 [info ]: Started building task graph
00:54:18.166039 [info ]: Finished building task graph [  0.00s]
00:54:18.166133 [info ]: Started rendering (2 nodes)
00:54:18.166144 [info ]: Started model nyc_311_raw_data.stg_nyc_311_requests
00:54:18.166153 [debug]: Started rendering model nyc_311_raw_data.stg_nyc_311_requests
00:54:18.166167 [info ]: Started model nyc_311_raw_data.raw_service_requests
00:54:18.166171 [debug]: Started rendering model nyc_311_raw_data.raw_service_requests
00:54:18.166194 [info ]: Finished loading project [  0.11s]
00:54:18.167456 [debug]: Compiled SQL for node model.nyc_311_project.stg_nyc_311_requests at target\.lsp\compiled\nyc_311_project\models\Staging\stg_nyc_311_requests.sql
00:54:18.167469 [debug]: Compiled SQL for node model.nyc_311_project.raw_service_requests at target\.lsp\compiled\nyc_311_project\models\Staging\raw_service_requests.sql
00:54:18.167518 [debug]: Finished rendering [  0.00s] model nyc_311_raw_data.stg_nyc_311_requests [success]
00:54:18.167536 [info ]: Started analyzing (2 nodes)
00:54:18.167543 [debug]: Started analyzing model nyc_311_raw_data.stg_nyc_311_requests
00:54:18.167554 [debug]: Finished rendering [  0.00s] model nyc_311_raw_data.raw_service_requests [success]
00:54:18.167559 [info ]: Finished rendering [  0.00s] (2 nodes, 0 skipped, 0 errors)
00:54:18.167564 [debug]: Started analyzing model nyc_311_raw_data.raw_service_requests
00:54:18.167675 [debug]: Finished analyzing [  0.00s] model nyc_311_raw_data.raw_service_requests [success]
00:54:18.167682 [info ]:  Succeeded [  0.00s] model nyc_311_raw_data.raw_service_requests (table)
00:54:18.167877 [debug]: Finished analyzing [  0.00s] model nyc_311_raw_data.stg_nyc_311_requests [success]
00:54:18.167887 [info ]: Finished analyzing [  0.00s] (2 nodes, 0 skipped, 0 errors)
00:54:18.167891 [info ]:  Succeeded [  0.00s] model nyc_311_raw_data.stg_nyc_311_requests (view)
00:54:18.170653 [info ]: Started scheduling
00:54:18.170676 [info ]: Finished scheduling [  0.00s]
00:54:18.171940 [info ]: Cached model count updated: 3 models (accurate)
00:54:40.776482 [info ]: Started loading project
00:54:40.777201 [info ]: Loading profiles.yml
00:54:40.794793 [info ]: Cached model count updated: 3 models (estimate)
00:54:40.794806 [info ]: Cached model count updated: 3 models (accurate)
00:54:40.794836 [info ]: Started scheduling
00:54:40.794880 [info ]: Finished scheduling [  0.00s]
00:54:40.794889 [debug]: Compilation - 0 nodes selected: {}
00:54:40.794899 [warn ]: dbt1092: The selection criterion '+fqn:model.nyc_311_project.audit_raw_311_data' does not match any enabled nodes
00:54:40.794907 [warn ]: dbt1601: Nothing to do. Try checking your model configs and model specification args
00:54:40.890848 [info ]: Started building task graph
00:54:40.890871 [info ]: Finished building task graph [  0.00s]
00:54:40.893357 [info ]: Started scheduling
00:54:40.893380 [info ]: Finished scheduling [  0.00s]
00:54:40.893572 [info ]: Finished loading project [  0.12s]
00:54:40.893782 [info ]: Cached model count updated: 3 models (accurate)
00:54:42.005147 [info ]: Started loading project
00:54:42.005661 [info ]: Loading profiles.yml
00:54:42.023238 [info ]: Cached model count updated: 3 models (estimate)
00:54:42.023256 [info ]: Cached model count updated: 3 models (accurate)
00:54:42.023275 [info ]: Started scheduling
00:54:42.023308 [info ]: Finished scheduling [  0.00s]
00:54:42.023319 [debug]: Compilation - 0 nodes selected: {}
00:54:42.023329 [warn ]: dbt1092: The selection criterion '+fqn:model.nyc_311_project.audit_raw_311_data' does not match any enabled nodes
00:54:42.023336 [warn ]: dbt1601: Nothing to do. Try checking your model configs and model specification args
00:54:42.124893 [info ]: Started building task graph
00:54:42.124917 [info ]: Finished building task graph [  0.00s]
00:54:42.127827 [info ]: Started scheduling
00:54:42.127852 [info ]: Finished scheduling [  0.00s]
00:54:42.128071 [info ]: Finished loading project [  0.12s]
00:54:42.128289 [info ]: Cached model count updated: 3 models (accurate)
00:54:43.668213 [info ]: Started loading project
00:54:43.668647 [info ]: Loading profiles.yml
00:54:43.686270 [info ]: Cached model count updated: 3 models (estimate)
00:54:43.686288 [info ]: Cached model count updated: 3 models (accurate)
00:54:43.686314 [info ]: Started scheduling
00:54:43.686352 [info ]: Finished scheduling [  0.00s]
00:54:43.686361 [debug]: Compilation - 0 nodes selected: {}
00:54:43.686372 [warn ]: dbt1092: The selection criterion '+fqn:model.nyc_311_project.audit_raw_311_data+' does not match any enabled nodes
00:54:43.686379 [warn ]: dbt1601: Nothing to do. Try checking your model configs and model specification args
00:54:43.786886 [info ]: Started building task graph
00:54:43.786910 [info ]: Finished building task graph [  0.00s]
00:54:43.789905 [info ]: Started scheduling
00:54:43.789936 [info ]: Finished scheduling [  0.00s]
00:54:43.790159 [info ]: Finished loading project [  0.12s]
00:54:43.791258 [info ]: Cached model count updated: 3 models (accurate)
00:54:45.336145 [info ]: Started loading project
00:54:45.336679 [info ]: Loading profiles.yml
00:54:45.354232 [info ]: Cached model count updated: 3 models (estimate)
00:54:45.354242 [info ]: Cached model count updated: 3 models (accurate)
00:54:45.354256 [info ]: Started scheduling
00:54:45.354287 [info ]: Finished scheduling [  0.00s]
00:54:45.354297 [debug]: Compilation - 2 nodes selected: {"model.nyc_311_project.raw_service_requests", "model.nyc_311_project.stg_nyc_311_requests"}
00:54:45.449562 [info ]: Started building task graph
00:54:45.449596 [info ]: Finished building task graph [  0.00s]
00:54:45.449688 [info ]: Started rendering (2 nodes)
00:54:45.449699 [info ]: Started model nyc_311_raw_data.stg_nyc_311_requests
00:54:45.449707 [debug]: Started rendering model nyc_311_raw_data.stg_nyc_311_requests
00:54:45.449721 [info ]: Started model nyc_311_raw_data.raw_service_requests
00:54:45.449726 [debug]: Started rendering model nyc_311_raw_data.raw_service_requests
00:54:45.449753 [info ]: Finished loading project [  0.11s]
00:54:45.450175 [debug]: Compiled SQL for node model.nyc_311_project.stg_nyc_311_requests at target\.lsp\compiled\nyc_311_project\models\Staging\stg_nyc_311_requests.sql
00:54:45.450175 [debug]: Compiled SQL for node model.nyc_311_project.raw_service_requests at target\.lsp\compiled\nyc_311_project\models\Staging\raw_service_requests.sql
00:54:45.450216 [debug]: Finished rendering [  0.00s] model nyc_311_raw_data.raw_service_requests [success]
00:54:45.450233 [info ]: Started analyzing (2 nodes)
00:54:45.450239 [debug]: Started analyzing model nyc_311_raw_data.raw_service_requests
00:54:45.450251 [debug]: Finished rendering [  0.00s] model nyc_311_raw_data.stg_nyc_311_requests [success]
00:54:45.450257 [info ]: Finished rendering [  0.00s] (2 nodes, 0 skipped, 0 errors)
00:54:45.450262 [debug]: Started analyzing model nyc_311_raw_data.stg_nyc_311_requests
00:54:45.450375 [debug]: Finished analyzing [  0.00s] model nyc_311_raw_data.raw_service_requests [success]
00:54:45.450387 [info ]:  Succeeded [-------] model nyc_311_raw_data.raw_service_requests (table)
00:54:45.450600 [debug]: Finished analyzing [  0.00s] model nyc_311_raw_data.stg_nyc_311_requests [success]
00:54:45.450608 [info ]: Finished analyzing [  0.00s] (2 nodes, 0 skipped, 0 errors)
00:54:45.450612 [info ]:  Succeeded [-------] model nyc_311_raw_data.stg_nyc_311_requests (view)
00:54:45.453484 [info ]: Started scheduling
00:54:45.453508 [info ]: Finished scheduling [  0.00s]
00:54:45.454746 [info ]: Cached model count updated: 3 models (accurate)
00:54:47.693757 [info ]: Started loading project
00:54:47.694228 [info ]: Loading profiles.yml
00:54:47.710236 [info ]: Cached model count updated: 3 models (estimate)
00:54:47.710246 [info ]: Cached model count updated: 3 models (accurate)
00:54:47.710263 [info ]: Started scheduling
00:54:47.710292 [info ]: Finished scheduling [  0.00s]
00:54:47.710301 [debug]: Compilation - 0 nodes selected: {}
00:54:47.710309 [warn ]: dbt1092: The selection criterion '+fqn:model.nyc_311_project.audit_raw_311_data' does not match any enabled nodes
00:54:47.710315 [warn ]: dbt1601: Nothing to do. Try checking your model configs and model specification args
00:54:47.806274 [info ]: Started building task graph
00:54:47.806296 [info ]: Finished building task graph [  0.00s]
00:54:47.808816 [info ]: Started scheduling
00:54:47.808838 [info ]: Finished scheduling [  0.00s]
00:54:47.809031 [info ]: Finished loading project [  0.12s]
00:54:47.809246 [info ]: Cached model count updated: 3 models (accurate)
00:54:49.356244 [info ]: Started loading project
00:54:49.356802 [info ]: Loading profiles.yml
00:54:49.378130 [info ]: Cached model count updated: 3 models (estimate)
00:54:49.378143 [info ]: Cached model count updated: 3 models (accurate)
00:54:49.378163 [info ]: Started scheduling
00:54:49.378200 [info ]: Finished scheduling [  0.00s]
00:54:49.378211 [debug]: Compilation - 0 nodes selected: {}
00:54:49.378221 [warn ]: dbt1092: The selection criterion '+fqn:model.nyc_311_project.audit_raw_311_data+' does not match any enabled nodes
00:54:49.378229 [warn ]: dbt1601: Nothing to do. Try checking your model configs and model specification args
00:54:49.474019 [info ]: Started building task graph
00:54:49.474041 [info ]: Finished building task graph [  0.00s]
00:54:49.476539 [info ]: Started scheduling
00:54:49.476561 [info ]: Finished scheduling [  0.00s]
00:54:49.476760 [info ]: Finished loading project [  0.12s]
00:54:49.477734 [info ]: Cached model count updated: 3 models (accurate)
00:54:51.033406 [info ]: Started loading project
00:54:51.033815 [info ]: Loading profiles.yml
00:54:51.049674 [info ]: Cached model count updated: 3 models (estimate)
00:54:51.049682 [info ]: Cached model count updated: 3 models (accurate)
00:54:51.049695 [info ]: Started scheduling
00:54:51.049724 [info ]: Finished scheduling [  0.00s]
00:54:51.049732 [debug]: Compilation - 2 nodes selected: {"model.nyc_311_project.raw_service_requests", "model.nyc_311_project.stg_nyc_311_requests"}
00:54:51.145926 [info ]: Started building task graph
00:54:51.145960 [info ]: Finished building task graph [  0.00s]
00:54:51.146053 [info ]: Started rendering (2 nodes)
00:54:51.146064 [info ]: Started model nyc_311_raw_data.stg_nyc_311_requests
00:54:51.146072 [debug]: Started rendering model nyc_311_raw_data.stg_nyc_311_requests
00:54:51.146086 [info ]: Started model nyc_311_raw_data.raw_service_requests
00:54:51.146091 [debug]: Started rendering model nyc_311_raw_data.raw_service_requests
00:54:51.146120 [info ]: Finished loading project [  0.11s]
00:54:51.146401 [debug]: Compiled SQL for node model.nyc_311_project.raw_service_requests at target\.lsp\compiled\nyc_311_project\models\Staging\raw_service_requests.sql
00:54:51.146444 [debug]: Finished rendering [  0.00s] model nyc_311_raw_data.raw_service_requests [success]
00:54:51.146461 [info ]: Started analyzing (2 nodes)
00:54:51.146467 [debug]: Started analyzing model nyc_311_raw_data.raw_service_requests
00:54:51.146609 [debug]: Finished analyzing [  0.00s] model nyc_311_raw_data.raw_service_requests [success]
00:54:51.146618 [info ]:  Succeeded [-------] model nyc_311_raw_data.raw_service_requests (table)
00:54:51.146650 [debug]: Compiled SQL for node model.nyc_311_project.stg_nyc_311_requests at target\.lsp\compiled\nyc_311_project\models\Staging\stg_nyc_311_requests.sql
00:54:51.146674 [debug]: Finished rendering [  0.00s] model nyc_311_raw_data.stg_nyc_311_requests [success]
00:54:51.146682 [info ]: Finished rendering [  0.00s] (2 nodes, 0 skipped, 0 errors)
00:54:51.146689 [debug]: Started analyzing model nyc_311_raw_data.stg_nyc_311_requests
00:54:51.146998 [debug]: Finished analyzing [  0.00s] model nyc_311_raw_data.stg_nyc_311_requests [success]
00:54:51.147006 [info ]: Finished analyzing [  0.00s] (2 nodes, 0 skipped, 0 errors)
00:54:51.147010 [info ]:  Succeeded [-------] model nyc_311_raw_data.stg_nyc_311_requests (view)
00:54:51.149578 [info ]: Started scheduling
00:54:51.149599 [info ]: Finished scheduling [  0.00s]
00:54:51.150619 [info ]: Cached model count updated: 3 models (accurate)
01:19:25.524637 [info ]: Started loading project
01:19:25.525137 [info ]: Loading profiles.yml
01:19:25.529319 [info ]: Started parsing
01:19:25.542572 [info ]: Finished loading project [  0.02s]
01:19:25.544816 [debug]: Finished parsing models\Staging\audit_raw_311_data.sql [  0.00s]
01:19:25.545403 [info ]: Finished parsing [  0.02s]
01:19:25.546340 [info ]: Cached model count updated: 3 models (estimate)
01:19:25.546348 [info ]: Cached model count updated: 3 models (accurate)
01:19:25.546362 [info ]: Started scheduling
01:19:25.546408 [info ]: Finished scheduling [  0.00s]
01:19:25.546415 [debug]: Compilation - 2 nodes selected: {"model.nyc_311_project.audit_raw_311_data", "model.nyc_311_project.raw_service_requests"}
01:19:25.643130 [info ]: Started building task graph
01:19:25.643168 [info ]: Finished building task graph [  0.00s]
01:19:25.643264 [info ]: Started rendering (2 nodes)
01:19:25.643277 [info ]: Started model nyc_311_raw_data.audit_raw_311_data
01:19:25.643285 [debug]: Started rendering model nyc_311_raw_data.audit_raw_311_data
01:19:25.643299 [info ]: Started model nyc_311_raw_data.raw_service_requests
01:19:25.643304 [debug]: Started rendering model nyc_311_raw_data.raw_service_requests
01:19:25.643653 [debug]: Compiled SQL for node model.nyc_311_project.raw_service_requests at target\.lsp\compiled\nyc_311_project\models\Staging\raw_service_requests.sql
01:19:25.643697 [debug]: Finished rendering [  0.00s] model nyc_311_raw_data.raw_service_requests [success]
01:19:25.643718 [info ]: Started analyzing (2 nodes)
01:19:25.643726 [debug]: Started analyzing model nyc_311_raw_data.raw_service_requests
01:19:25.643876 [debug]: Finished analyzing [  0.00s] model nyc_311_raw_data.raw_service_requests [success]
01:19:25.643886 [info ]:  Succeeded [-------] model nyc_311_raw_data.raw_service_requests (table)
01:19:25.644683 [debug]: Compiled SQL for node model.nyc_311_project.audit_raw_311_data at target\.lsp\compiled\nyc_311_project\models\Staging\audit_raw_311_data.sql
01:19:25.644724 [debug]: Finished rendering [  0.00s] model nyc_311_raw_data.audit_raw_311_data [success]
01:19:25.644733 [info ]: Finished rendering [  0.00s] (2 nodes, 0 skipped, 0 errors)
01:19:25.644740 [debug]: Started analyzing model nyc_311_raw_data.audit_raw_311_data
01:19:25.652565 [debug]: Finished analyzing [  0.01s] model nyc_311_raw_data.audit_raw_311_data [success]
01:19:25.652574 [info ]: Finished analyzing [  0.01s] (2 nodes, 0 skipped, 0 errors)
01:19:25.652579 [info ]:  Succeeded [  0.01s] model nyc_311_raw_data.audit_raw_311_data (table)
01:19:25.655188 [info ]: Started scheduling
01:19:25.655229 [info ]: Finished scheduling [  0.00s]
01:19:25.656009 [info ]: Cached model count updated: 3 models (accurate)
01:19:27.203976 [info ]: Started loading project
01:19:27.204759 [info ]: Loading profiles.yml
01:19:27.224385 [info ]: Cached model count updated: 3 models (estimate)
01:19:27.224404 [info ]: Cached model count updated: 3 models (accurate)
01:19:27.224425 [info ]: Started scheduling
01:19:27.224476 [info ]: Finished scheduling [  0.00s]
01:19:27.224488 [debug]: Compilation - 2 nodes selected: {"model.nyc_311_project.audit_raw_311_data", "model.nyc_311_project.raw_service_requests"}
01:19:27.326267 [info ]: Started building task graph
01:19:27.326304 [info ]: Finished building task graph [  0.00s]
01:19:27.326401 [info ]: Started rendering (2 nodes)
01:19:27.326412 [info ]: Started model nyc_311_raw_data.audit_raw_311_data
01:19:27.326420 [debug]: Started rendering model nyc_311_raw_data.audit_raw_311_data
01:19:27.326435 [info ]: Started model nyc_311_raw_data.raw_service_requests
01:19:27.326439 [debug]: Started rendering model nyc_311_raw_data.raw_service_requests
01:19:27.326463 [info ]: Finished loading project [  0.12s]
01:19:27.326778 [debug]: Compiled SQL for node model.nyc_311_project.audit_raw_311_data at target\.lsp\compiled\nyc_311_project\models\Staging\audit_raw_311_data.sql
01:19:27.326778 [debug]: Compiled SQL for node model.nyc_311_project.raw_service_requests at target\.lsp\compiled\nyc_311_project\models\Staging\raw_service_requests.sql
01:19:27.326820 [debug]: Finished rendering [  0.00s] model nyc_311_raw_data.audit_raw_311_data [success]
01:19:27.326837 [info ]: Started analyzing (2 nodes)
01:19:27.326843 [debug]: Started analyzing model nyc_311_raw_data.audit_raw_311_data
01:19:27.326856 [debug]: Finished rendering [  0.00s] model nyc_311_raw_data.raw_service_requests [success]
01:19:27.326862 [info ]: Finished rendering [  0.00s] (2 nodes, 0 skipped, 0 errors)
01:19:27.326868 [debug]: Started analyzing model nyc_311_raw_data.raw_service_requests
01:19:27.327002 [debug]: Finished analyzing [  0.00s] model nyc_311_raw_data.raw_service_requests [success]
01:19:27.327011 [info ]:  Succeeded [-------] model nyc_311_raw_data.raw_service_requests (table)
01:19:27.327773 [debug]: Finished analyzing [  0.00s] model nyc_311_raw_data.audit_raw_311_data [success]
01:19:27.327782 [info ]: Finished analyzing [  0.00s] (2 nodes, 0 skipped, 0 errors)
01:19:27.327787 [info ]:  Succeeded [-------] model nyc_311_raw_data.audit_raw_311_data (table)
01:19:27.330491 [info ]: Started scheduling
01:19:27.330516 [info ]: Finished scheduling [  0.00s]
01:19:27.331534 [info ]: Cached model count updated: 3 models (accurate)
01:19:28.888533 [info ]: Started loading project
01:19:28.888980 [info ]: Loading profiles.yml
01:19:28.904814 [info ]: Cached model count updated: 3 models (estimate)
01:19:28.904823 [info ]: Cached model count updated: 3 models (accurate)
01:19:28.904836 [info ]: Started scheduling
01:19:28.904867 [info ]: Finished scheduling [  0.00s]
01:19:28.904876 [debug]: Compilation - 3 nodes selected: {"model.nyc_311_project.audit_raw_311_data", "model.nyc_311_project.raw_service_requests", "model.nyc_311_project.stg_nyc_311_requests"}
01:19:28.998021 [info ]: Started building task graph
01:19:28.998052 [info ]: Finished building task graph [  0.00s]
01:19:28.998135 [info ]: Started rendering (3 nodes)
01:19:28.998145 [info ]: Started model nyc_311_raw_data.stg_nyc_311_requests
01:19:28.998153 [debug]: Started rendering model nyc_311_raw_data.stg_nyc_311_requests
01:19:28.998165 [info ]: Started model nyc_311_raw_data.audit_raw_311_data
01:19:28.998169 [debug]: Started rendering model nyc_311_raw_data.audit_raw_311_data
01:19:28.998175 [info ]: Started model nyc_311_raw_data.raw_service_requests
01:19:28.998181 [debug]: Started rendering model nyc_311_raw_data.raw_service_requests
01:19:28.998205 [info ]: Finished loading project [  0.11s]
01:19:28.998513 [debug]: Compiled SQL for node model.nyc_311_project.stg_nyc_311_requests at target\.lsp\compiled\nyc_311_project\models\Staging\stg_nyc_311_requests.sql
01:19:28.998546 [debug]: Compiled SQL for node model.nyc_311_project.raw_service_requests at target\.lsp\compiled\nyc_311_project\models\Staging\raw_service_requests.sql
01:19:28.998554 [debug]: Finished rendering [  0.00s] model nyc_311_raw_data.stg_nyc_311_requests [success]
01:19:28.998570 [info ]: Started analyzing (3 nodes)
01:19:28.998576 [debug]: Started analyzing model nyc_311_raw_data.stg_nyc_311_requests
01:19:28.998583 [debug]: Compiled SQL for node model.nyc_311_project.audit_raw_311_data at target\.lsp\compiled\nyc_311_project\models\Staging\audit_raw_311_data.sql
01:19:28.998586 [debug]: Finished rendering [  0.00s] model nyc_311_raw_data.raw_service_requests [success]
01:19:28.998592 [debug]: Started analyzing model nyc_311_raw_data.raw_service_requests
01:19:28.998612 [debug]: Finished rendering [  0.00s] model nyc_311_raw_data.audit_raw_311_data [success]
01:19:28.998627 [info ]: Finished rendering [  0.00s] (3 nodes, 0 skipped, 0 errors)
01:19:28.998639 [debug]: Started analyzing model nyc_311_raw_data.audit_raw_311_data
01:19:28.998718 [debug]: Finished analyzing [  0.00s] model nyc_311_raw_data.raw_service_requests [success]
01:19:28.998727 [info ]:  Succeeded [-------] model nyc_311_raw_data.raw_service_requests (table)
01:19:28.998970 [debug]: Finished analyzing [  0.00s] model nyc_311_raw_data.stg_nyc_311_requests [success]
01:19:28.998981 [info ]:  Succeeded [-------] model nyc_311_raw_data.stg_nyc_311_requests (view)
01:19:28.999465 [debug]: Finished analyzing [  0.00s] model nyc_311_raw_data.audit_raw_311_data [success]
01:19:28.999473 [info ]: Finished analyzing [  0.00s] (3 nodes, 0 skipped, 0 errors)
01:19:28.999477 [info ]:  Succeeded [-------] model nyc_311_raw_data.audit_raw_311_data (table)
01:19:29.001568 [info ]: Started scheduling
01:19:29.001588 [info ]: Finished scheduling [  0.00s]
01:19:29.002801 [info ]: Cached model count updated: 3 models (accurate)
==================== 2026-05-10T13:57:07.585936Z | 74853ac9-de5c-443d-84c5-c0aa8145d4eb ====================
13:57:07.586008 [info ]: Starting dbt LSP server
13:57:07.586052 [info ]: Connecting to LSP client on port 8000
13:57:07.587404 [info ]: Successfully connected to LSP client
13:57:07.587414 [info ]: Creating LSP service...
13:57:07.642471 [info ]: Creating LSP server...
13:57:07.642490 [info ]: Starting LSP server...
13:57:07.701973 [info ]: Loading profiles.yml
13:57:07.712833 [info ]: Started loading project
13:57:07.713363 [info ]: Loading profiles.yml
13:57:07.726699 [debug]:    Started loading packages
13:57:07.729691 [debug]:     Loaded [  0.00s] packages
13:57:07.730848 [info ]: Started parsing
13:57:07.755482 [info ]: Finished loading project [  0.04s]
13:57:07.759073 [debug]: Finished parsing models\Staging\audit_raw_311_data.sql [  0.00s]
13:57:07.759552 [debug]: Finished parsing models\Staging\raw_service_requests.sql [  0.00s]
13:57:07.761620 [debug]: Finished parsing models\Staging\stg_nyc_311_requests.sql [  0.00s]
13:57:07.762668 [info ]: Finished parsing [  0.03s]
13:57:07.763150 [info ]: Cached model count updated: 3 models (estimate)
13:57:07.763159 [info ]: Cached model count updated: 3 models (accurate)
13:57:07.763230 [info ]: Started scheduling
13:57:07.763513 [info ]: Finished scheduling [  0.00s]
13:57:07.763541 [debug]: Compilation - 2 nodes selected: {"model.nyc_311_project.audit_raw_311_data", "model.nyc_311_project.raw_service_requests"}
13:57:07.763570 [info ]: Started scheduling
13:57:07.763593 [info ]: Finished scheduling [  0.00s]
13:57:07.892706 [info ]: Started building task graph
13:57:07.892877 [info ]: Finished building task graph [  0.00s]
13:57:07.893198 [info ]: Started rendering (2 nodes)
13:57:07.893254 [info ]: Started model nyc_311_raw_data.audit_raw_311_data
13:57:07.893289 [debug]: Started rendering model nyc_311_raw_data.audit_raw_311_data
13:57:07.893320 [info ]: Started model nyc_311_raw_data.raw_service_requests
13:57:07.893325 [debug]: Started rendering model nyc_311_raw_data.raw_service_requests
13:57:07.894973 [debug]: Compiled SQL for node model.nyc_311_project.raw_service_requests at target\.lsp\compiled\nyc_311_project\models\Staging\raw_service_requests.sql
13:57:07.894995 [debug]: Compiled SQL for node model.nyc_311_project.audit_raw_311_data at target\.lsp\compiled\nyc_311_project\models\Staging\audit_raw_311_data.sql
13:57:07.895190 [debug]: Finished rendering [  0.00s] model nyc_311_raw_data.audit_raw_311_data [success]
13:57:07.895237 [info ]: Started analyzing (2 nodes)
13:57:07.895248 [debug]: Started analyzing model nyc_311_raw_data.audit_raw_311_data
13:57:07.895264 [debug]: Finished rendering [  0.00s] model nyc_311_raw_data.raw_service_requests [success]
13:57:07.895271 [info ]: Finished rendering [  0.00s] (2 nodes, 0 skipped, 0 errors)
13:57:07.895280 [debug]: Started analyzing model nyc_311_raw_data.raw_service_requests
13:57:07.899141 [debug]: Finished analyzing [  0.00s] model nyc_311_raw_data.raw_service_requests [success]
13:57:07.899165 [info ]:  Succeeded [  0.00s] model nyc_311_raw_data.raw_service_requests (table)
13:57:07.910139 [debug]: Finished analyzing [  0.01s] model nyc_311_raw_data.audit_raw_311_data [success]
13:57:07.910158 [info ]: Finished analyzing [  0.01s] (2 nodes, 0 skipped, 0 errors)
13:57:07.910166 [info ]:  Succeeded [  0.01s] model nyc_311_raw_data.audit_raw_311_data (table)
13:57:07.913477 [info ]: Started scheduling
13:57:07.913504 [info ]: Finished scheduling [  0.00s]
13:57:07.913878 [info ]: Cached model count updated: 3 models (accurate)
13:57:10.125043 [info ]: Started loading project
13:57:10.125584 [info ]: Loading profiles.yml
13:57:10.144162 [info ]: Cached model count updated: 3 models (estimate)
13:57:10.144177 [info ]: Cached model count updated: 3 models (accurate)
13:57:10.144194 [info ]: Started scheduling
13:57:10.144240 [info ]: Finished scheduling [  0.00s]
13:57:10.144250 [debug]: Compilation - 2 nodes selected: {"model.nyc_311_project.audit_raw_311_data", "model.nyc_311_project.raw_service_requests"}
13:57:10.252088 [info ]: Started building task graph
13:57:10.252127 [info ]: Finished building task graph [  0.00s]
13:57:10.252224 [info ]: Started rendering (2 nodes)
13:57:10.252243 [info ]: Started model nyc_311_raw_data.audit_raw_311_data
13:57:10.252252 [debug]: Started rendering model nyc_311_raw_data.audit_raw_311_data
13:57:10.252266 [info ]: Started model nyc_311_raw_data.raw_service_requests
13:57:10.252271 [debug]: Started rendering model nyc_311_raw_data.raw_service_requests
13:57:10.252288 [info ]: Finished loading project [  0.13s]
13:57:10.252599 [debug]: Compiled SQL for node model.nyc_311_project.audit_raw_311_data at target\.lsp\compiled\nyc_311_project\models\Staging\audit_raw_311_data.sql
13:57:10.252635 [debug]: Compiled SQL for node model.nyc_311_project.raw_service_requests at target\.lsp\compiled\nyc_311_project\models\Staging\raw_service_requests.sql
13:57:10.252648 [debug]: Finished rendering [  0.00s] model nyc_311_raw_data.audit_raw_311_data [success]
13:57:10.252668 [info ]: Started analyzing (2 nodes)
13:57:10.252675 [debug]: Started analyzing model nyc_311_raw_data.audit_raw_311_data
13:57:10.252687 [debug]: Finished rendering [  0.00s] model nyc_311_raw_data.raw_service_requests [success]
13:57:10.252692 [info ]: Finished rendering [  0.00s] (2 nodes, 0 skipped, 0 errors)
13:57:10.252698 [debug]: Started analyzing model nyc_311_raw_data.raw_service_requests
13:57:10.252809 [debug]: Finished analyzing [  0.00s] model nyc_311_raw_data.raw_service_requests [success]
13:57:10.252817 [info ]:  Succeeded [-------] model nyc_311_raw_data.raw_service_requests (table)
13:57:10.253473 [debug]: Finished analyzing [  0.00s] model nyc_311_raw_data.audit_raw_311_data [success]
13:57:10.253482 [info ]: Finished analyzing [  0.00s] (2 nodes, 0 skipped, 0 errors)
13:57:10.253487 [info ]:  Succeeded [-------] model nyc_311_raw_data.audit_raw_311_data (table)
13:57:10.256338 [info ]: Started scheduling
13:57:10.256362 [info ]: Finished scheduling [  0.00s]
13:57:10.257594 [info ]: Cached model count updated: 3 models (accurate)
13:57:11.816514 [info ]: Started loading project
13:57:11.817015 [info ]: Loading profiles.yml
13:57:11.835221 [info ]: Cached model count updated: 3 models (estimate)
13:57:11.835234 [info ]: Cached model count updated: 3 models (accurate)
13:57:11.835248 [info ]: Started scheduling
13:57:11.835285 [info ]: Finished scheduling [  0.00s]
13:57:11.835295 [debug]: Compilation - 3 nodes selected: {"model.nyc_311_project.audit_raw_311_data", "model.nyc_311_project.raw_service_requests", "model.nyc_311_project.stg_nyc_311_requests"}
13:57:11.935084 [info ]: Started building task graph
13:57:11.935125 [info ]: Finished building task graph [  0.00s]
13:57:11.935230 [info ]: Started rendering (3 nodes)
13:57:11.935241 [info ]: Started model nyc_311_raw_data.stg_nyc_311_requests
13:57:11.935249 [debug]: Started rendering model nyc_311_raw_data.stg_nyc_311_requests
13:57:11.935264 [info ]: Started model nyc_311_raw_data.audit_raw_311_data
13:57:11.935269 [debug]: Started rendering model nyc_311_raw_data.audit_raw_311_data
13:57:11.935276 [info ]: Started model nyc_311_raw_data.raw_service_requests
13:57:11.935279 [debug]: Started rendering model nyc_311_raw_data.raw_service_requests
13:57:11.935294 [info ]: Finished loading project [  0.12s]
13:57:11.935615 [debug]: Compiled SQL for node model.nyc_311_project.raw_service_requests at target\.lsp\compiled\nyc_311_project\models\Staging\raw_service_requests.sql
13:57:11.935680 [debug]: Compiled SQL for node model.nyc_311_project.audit_raw_311_data at target\.lsp\compiled\nyc_311_project\models\Staging\audit_raw_311_data.sql
13:57:11.935722 [debug]: Finished rendering [  0.00s] model nyc_311_raw_data.raw_service_requests [success]
13:57:11.935744 [info ]: Started analyzing (3 nodes)
13:57:11.935751 [debug]: Started analyzing model nyc_311_raw_data.raw_service_requests
13:57:11.935762 [debug]: Finished rendering [  0.00s] model nyc_311_raw_data.audit_raw_311_data [success]
13:57:11.935768 [debug]: Started analyzing model nyc_311_raw_data.audit_raw_311_data
13:57:11.935955 [debug]: Finished analyzing [  0.00s] model nyc_311_raw_data.raw_service_requests [success]
13:57:11.935966 [info ]:  Succeeded [-------] model nyc_311_raw_data.raw_service_requests (table)
13:57:11.936381 [debug]: Compiled SQL for node model.nyc_311_project.stg_nyc_311_requests at target\.lsp\compiled\nyc_311_project\models\Staging\stg_nyc_311_requests.sql
13:57:11.936430 [debug]: Finished rendering [  0.00s] model nyc_311_raw_data.stg_nyc_311_requests [success]
13:57:11.936439 [info ]: Finished rendering [  0.00s] (3 nodes, 0 skipped, 0 errors)
13:57:11.936451 [debug]: Started analyzing model nyc_311_raw_data.stg_nyc_311_requests
13:57:11.936570 [debug]: Finished analyzing [  0.00s] model nyc_311_raw_data.audit_raw_311_data [success]
13:57:11.936579 [info ]:  Succeeded [-------] model nyc_311_raw_data.audit_raw_311_data (table)
13:57:11.938190 [debug]: Finished analyzing [  0.00s] model nyc_311_raw_data.stg_nyc_311_requests [success]
13:57:11.938199 [info ]: Finished analyzing [  0.00s] (3 nodes, 0 skipped, 0 errors)
13:57:11.938204 [info ]:  Succeeded [  0.00s] model nyc_311_raw_data.stg_nyc_311_requests (view)
13:57:11.941004 [info ]: Started scheduling
13:57:11.941027 [info ]: Finished scheduling [  0.00s]
13:57:11.942179 [info ]: Cached model count updated: 3 models (accurate)
13:58:02.879962 [info ]: Started loading project
13:58:02.880596 [info ]: Loading profiles.yml
13:58:02.884062 [info ]: Started loading project
13:58:02.884457 [info ]: Loading profiles.yml
13:58:02.884608 [info ]: Finished loading project [  0.00s]
13:58:02.896097 [debug]:    Started loading packages
13:58:02.898570 [debug]:     Loaded [  0.00s] packages
13:58:02.899244 [info ]: Started parsing
13:58:02.919235 [info ]: Finished loading project [  0.04s]
13:58:02.919672 [debug]: Finished parsing models\Staging\schema.yml [  0.00s]
13:58:02.920806 [debug]: Finished parsing models\Staging\audit_raw_311_data.sql [  0.00s]
13:58:02.921174 [debug]: Finished parsing models\Staging\raw_service_requests.sql [  0.00s]
13:58:02.922647 [debug]: Finished parsing models\Staging\stg_nyc_311_requests.sql [  0.00s]
13:58:02.923486 [info ]: Finished parsing [  0.02s]
13:58:02.923890 [info ]: Cached model count updated: 3 models (estimate)
13:58:02.923898 [info ]: Cached model count updated: 3 models (accurate)
13:58:02.923909 [info ]: Started scheduling
13:58:02.923929 [info ]: Finished scheduling [  0.00s]
13:58:02.923935 [debug]: Compilation - 0 nodes selected: {}
13:58:02.923955 [warn ]: dbt1092: The selection criterion '' does not match any enabled nodes
13:58:02.923973 [warn ]: dbt1601: Nothing to do. Try checking your model configs and model specification args
13:58:02.923978 [info ]: Started scheduling
13:58:02.923999 [info ]: Finished scheduling [  0.00s]
13:58:03.023344 [info ]: Started building task graph
13:58:03.023379 [info ]: Finished building task graph [  0.00s]
13:58:03.026253 [info ]: Started scheduling
13:58:03.026277 [info ]: Finished scheduling [  0.00s]
13:58:03.028413 [info ]: Cached model count updated: 3 models (accurate)
13:58:04.582387 [info ]: Started loading project
13:58:04.582857 [info ]: Loading profiles.yml
13:58:04.601578 [info ]: Cached model count updated: 3 models (estimate)
13:58:04.601595 [info ]: Cached model count updated: 3 models (accurate)
13:58:04.601612 [info ]: Started scheduling
13:58:04.601651 [info ]: Finished scheduling [  0.00s]
13:58:04.601662 [debug]: Compilation - 3 nodes selected: {"model.nyc_311_project.audit_raw_311_data", "model.nyc_311_project.raw_service_requests", "model.nyc_311_project.stg_nyc_311_requests"}
13:58:04.703142 [info ]: Started building task graph
13:58:04.703182 [info ]: Finished building task graph [  0.00s]
13:58:04.703284 [info ]: Started rendering (3 nodes)
13:58:04.703295 [info ]: Started model nyc_311_raw_data.stg_nyc_311_requests
13:58:04.703304 [debug]: Started rendering model nyc_311_raw_data.stg_nyc_311_requests
13:58:04.703318 [info ]: Started model nyc_311_raw_data.audit_raw_311_data
13:58:04.703323 [debug]: Started rendering model nyc_311_raw_data.audit_raw_311_data
13:58:04.703330 [info ]: Started model nyc_311_raw_data.raw_service_requests
13:58:04.703345 [debug]: Started rendering model nyc_311_raw_data.raw_service_requests
13:58:04.703350 [info ]: Finished loading project [  0.12s]
13:58:04.704738 [debug]: Compiled SQL for node model.nyc_311_project.raw_service_requests at target\.lsp\compiled\nyc_311_project\models\Staging\raw_service_requests.sql
13:58:04.704759 [debug]: Compiled SQL for node model.nyc_311_project.stg_nyc_311_requests at target\.lsp\compiled\nyc_311_project\models\Staging\stg_nyc_311_requests.sql
13:58:04.704784 [debug]: Compiled SQL for node model.nyc_311_project.audit_raw_311_data at target\.lsp\compiled\nyc_311_project\models\Staging\audit_raw_311_data.sql
13:58:04.704790 [debug]: Finished rendering [  0.00s] model nyc_311_raw_data.raw_service_requests [success]
13:58:04.704811 [info ]: Started analyzing (3 nodes)
13:58:04.704820 [debug]: Started analyzing model nyc_311_raw_data.raw_service_requests
13:58:04.704836 [debug]: Finished rendering [  0.00s] model nyc_311_raw_data.stg_nyc_311_requests [success]
13:58:04.704847 [debug]: Started analyzing model nyc_311_raw_data.stg_nyc_311_requests
13:58:04.704861 [debug]: Finished rendering [  0.00s] model nyc_311_raw_data.audit_raw_311_data [success]
13:58:04.704871 [info ]: Finished rendering [  0.00s] (3 nodes, 0 skipped, 0 errors)
13:58:04.704880 [debug]: Started analyzing model nyc_311_raw_data.audit_raw_311_data
13:58:04.704952 [debug]: Finished analyzing [  0.00s] model nyc_311_raw_data.raw_service_requests [success]
13:58:04.704963 [info ]:  Succeeded [  0.00s] model nyc_311_raw_data.raw_service_requests (table)
13:58:04.705152 [debug]: Finished analyzing [  0.00s] model nyc_311_raw_data.stg_nyc_311_requests [success]
13:58:04.705162 [info ]:  Succeeded [  0.00s] model nyc_311_raw_data.stg_nyc_311_requests (view)
13:58:04.705673 [debug]: Finished analyzing [  0.00s] model nyc_311_raw_data.audit_raw_311_data [success]
13:58:04.705682 [info ]: Finished analyzing [  0.00s] (3 nodes, 0 skipped, 0 errors)
13:58:04.705687 [info ]:  Succeeded [  0.00s] model nyc_311_raw_data.audit_raw_311_data (table)
13:58:04.708589 [info ]: Started scheduling
13:58:04.708611 [info ]: Finished scheduling [  0.00s]
13:58:04.709839 [info ]: Cached model count updated: 3 models (accurate)
13:58:21.370625 [info ]: Started loading project
13:58:21.371113 [info ]: Loading profiles.yml
13:58:21.375916 [info ]: Started parsing
13:58:21.389968 [info ]: Finished loading project [  0.02s]
13:58:21.390545 [debug]: Finished parsing models\Staging\schema.yml [  0.00s]
13:58:21.392547 [debug]: Finished parsing models\Staging\stg_nyc_311_requests.sql [  0.00s]
13:58:21.393143 [info ]: Finished parsing [  0.02s]
13:58:21.394142 [info ]: Cached model count updated: 3 models (estimate)
13:58:21.394149 [info ]: Cached model count updated: 3 models (accurate)
13:58:21.394161 [info ]: Started scheduling
13:58:21.394179 [info ]: Finished scheduling [  0.00s]
13:58:21.394185 [debug]: Compilation - 0 nodes selected: {}
13:58:21.394191 [warn ]: dbt1092: The selection criterion '' does not match any enabled nodes
13:58:21.394198 [warn ]: dbt1601: Nothing to do. Try checking your model configs and model specification args
13:58:21.491697 [info ]: Started building task graph
13:58:21.491719 [info ]: Finished building task graph [  0.00s]
13:58:21.494353 [info ]: Started scheduling
13:58:21.494376 [info ]: Finished scheduling [  0.00s]
13:58:21.495172 [info ]: Cached model count updated: 3 models (accurate)
13:58:23.046339 [info ]: Started loading project
13:58:23.046758 [info ]: Loading profiles.yml
13:58:23.063703 [info ]: Cached model count updated: 3 models (estimate)
13:58:23.063717 [info ]: Cached model count updated: 3 models (accurate)
13:58:23.063733 [info ]: Started scheduling
13:58:23.063755 [info ]: Finished scheduling [  0.00s]
13:58:23.063765 [debug]: Compilation - 0 nodes selected: {}
13:58:23.063774 [warn ]: dbt1092: The selection criterion '' does not match any enabled nodes
13:58:23.063781 [warn ]: dbt1601: Nothing to do. Try checking your model configs and model specification args
13:58:23.164894 [info ]: Started building task graph
13:58:23.164918 [info ]: Finished building task graph [  0.00s]
13:58:23.167741 [info ]: Started scheduling
13:58:23.167764 [info ]: Finished scheduling [  0.00s]
13:58:23.167970 [info ]: Finished loading project [  0.12s]
13:58:23.168819 [info ]: Cached model count updated: 3 models (accurate)
13:58:24.726712 [info ]: Started loading project
13:58:24.727261 [info ]: Loading profiles.yml
13:58:24.744464 [info ]: Cached model count updated: 3 models (estimate)
13:58:24.744475 [info ]: Cached model count updated: 3 models (accurate)
13:58:24.744489 [info ]: Started scheduling
13:58:24.744523 [info ]: Finished scheduling [  0.00s]
13:58:24.744533 [debug]: Compilation - 3 nodes selected: {"model.nyc_311_project.audit_raw_311_data", "model.nyc_311_project.raw_service_requests", "model.nyc_311_project.stg_nyc_311_requests"}
13:58:24.846101 [info ]: Started building task graph
13:58:24.846144 [info ]: Finished building task graph [  0.00s]
13:58:24.846257 [info ]: Started rendering (3 nodes)
13:58:24.846269 [info ]: Started model nyc_311_raw_data.stg_nyc_311_requests
13:58:24.846278 [debug]: Started rendering model nyc_311_raw_data.stg_nyc_311_requests
13:58:24.846294 [info ]: Started model nyc_311_raw_data.audit_raw_311_data
13:58:24.846300 [debug]: Started rendering model nyc_311_raw_data.audit_raw_311_data
13:58:24.846306 [info ]: Started model nyc_311_raw_data.raw_service_requests
13:58:24.846310 [debug]: Started rendering model nyc_311_raw_data.raw_service_requests
13:58:24.846332 [info ]: Finished loading project [  0.12s]
13:58:24.846767 [debug]: Compiled SQL for node model.nyc_311_project.audit_raw_311_data at target\.lsp\compiled\nyc_311_project\models\Staging\audit_raw_311_data.sql
13:58:24.846816 [debug]: Finished rendering [  0.00s] model nyc_311_raw_data.audit_raw_311_data [success]
13:58:24.846836 [info ]: Started analyzing (3 nodes)
13:58:24.846844 [debug]: Started analyzing model nyc_311_raw_data.audit_raw_311_data
13:58:24.846883 [debug]: Compiled SQL for node model.nyc_311_project.raw_service_requests at target\.lsp\compiled\nyc_311_project\models\Staging\raw_service_requests.sql
13:58:24.846884 [debug]: Compiled SQL for node model.nyc_311_project.stg_nyc_311_requests at target\.lsp\compiled\nyc_311_project\models\Staging\stg_nyc_311_requests.sql
13:58:24.846915 [debug]: Finished rendering [  0.00s] model nyc_311_raw_data.raw_service_requests [success]
13:58:24.846931 [debug]: Started analyzing model nyc_311_raw_data.raw_service_requests
13:58:24.846960 [debug]: Finished rendering [  0.00s] model nyc_311_raw_data.stg_nyc_311_requests [success]
13:58:24.846971 [info ]: Finished rendering [  0.00s] (3 nodes, 0 skipped, 0 errors)
13:58:24.846982 [debug]: Started analyzing model nyc_311_raw_data.stg_nyc_311_requests
13:58:24.847072 [debug]: Finished analyzing [  0.00s] model nyc_311_raw_data.raw_service_requests [success]
13:58:24.847084 [info ]:  Succeeded [-------] model nyc_311_raw_data.raw_service_requests (table)
13:58:24.847352 [debug]: Finished analyzing [  0.00s] model nyc_311_raw_data.stg_nyc_311_requests [success]
13:58:24.847363 [info ]:  Succeeded [-------] model nyc_311_raw_data.stg_nyc_311_requests (view)
13:58:24.847811 [debug]: Finished analyzing [  0.00s] model nyc_311_raw_data.audit_raw_311_data [success]
13:58:24.847820 [info ]: Finished analyzing [  0.00s] (3 nodes, 0 skipped, 0 errors)
13:58:24.847826 [info ]:  Succeeded [-------] model nyc_311_raw_data.audit_raw_311_data (table)
13:58:24.851234 [info ]: Started scheduling
13:58:24.851265 [info ]: Finished scheduling [  0.00s]
13:58:24.852831 [info ]: Cached model count updated: 3 models (accurate)
14:13:33.680164 [info ]: Started loading project
14:13:33.680679 [info ]: Loading profiles.yml
14:13:33.685036 [info ]: Started parsing
14:13:33.698771 [info ]: Finished loading project [  0.02s]
14:13:33.699190 [debug]: Finished parsing models\Staging\schema.yml [  0.00s]
14:13:33.701308 [debug]: Finished parsing models\Staging\stg_nyc_311_requests.sql [  0.00s]
14:13:33.701871 [info ]: Finished parsing [  0.02s]
14:13:33.702886 [info ]: Cached model count updated: 3 models (estimate)
14:13:33.702895 [info ]: Cached model count updated: 3 models (accurate)
14:13:33.702906 [info ]: Started scheduling
14:13:33.702924 [info ]: Finished scheduling [  0.00s]
14:13:33.702930 [debug]: Compilation - 0 nodes selected: {}
14:13:33.702937 [warn ]: dbt1092: The selection criterion '' does not match any enabled nodes
14:13:33.702943 [warn ]: dbt1601: Nothing to do. Try checking your model configs and model specification args
14:13:33.798867 [info ]: Started building task graph
14:13:33.798889 [info ]: Finished building task graph [  0.00s]
14:13:33.801485 [info ]: Started scheduling
14:13:33.801508 [info ]: Finished scheduling [  0.00s]
14:13:33.802250 [info ]: Cached model count updated: 3 models (accurate)
14:13:35.354928 [info ]: Started loading project
14:13:35.355403 [info ]: Loading profiles.yml
14:13:35.372119 [info ]: Cached model count updated: 3 models (estimate)
14:13:35.372133 [info ]: Cached model count updated: 3 models (accurate)
14:13:35.372149 [info ]: Started scheduling
14:13:35.372172 [info ]: Finished scheduling [  0.00s]
14:13:35.372182 [debug]: Compilation - 0 nodes selected: {}
14:13:35.372189 [warn ]: dbt1092: The selection criterion '' does not match any enabled nodes
14:13:35.372197 [warn ]: dbt1601: Nothing to do. Try checking your model configs and model specification args
14:13:35.471772 [info ]: Started building task graph
14:13:35.471796 [info ]: Finished building task graph [  0.00s]
14:13:35.474873 [info ]: Started scheduling
14:13:35.474897 [info ]: Finished scheduling [  0.00s]
14:13:35.475114 [info ]: Finished loading project [  0.12s]
14:13:35.476011 [info ]: Cached model count updated: 3 models (accurate)
14:13:37.042907 [info ]: Started loading project
14:13:37.043874 [info ]: Loading profiles.yml
14:13:37.071213 [info ]: Cached model count updated: 3 models (estimate)
14:13:37.071221 [info ]: Cached model count updated: 3 models (accurate)
14:13:37.071234 [info ]: Started scheduling
14:13:37.071263 [info ]: Finished scheduling [  0.00s]
14:13:37.071273 [debug]: Compilation - 3 nodes selected: {"model.nyc_311_project.audit_raw_311_data", "model.nyc_311_project.raw_service_requests", "model.nyc_311_project.stg_nyc_311_requests"}
14:13:37.167039 [info ]: Started building task graph
14:13:37.167078 [info ]: Finished building task graph [  0.00s]
14:13:37.167167 [info ]: Started rendering (3 nodes)
14:13:37.167178 [info ]: Started model nyc_311_raw_data.stg_nyc_311_requests
14:13:37.167186 [debug]: Started rendering model nyc_311_raw_data.stg_nyc_311_requests
14:13:37.167199 [info ]: Started model nyc_311_raw_data.audit_raw_311_data
14:13:37.167204 [debug]: Started rendering model nyc_311_raw_data.audit_raw_311_data
14:13:37.167209 [info ]: Started model nyc_311_raw_data.raw_service_requests
14:13:37.167213 [debug]: Started rendering model nyc_311_raw_data.raw_service_requests
14:13:37.167240 [info ]: Finished loading project [  0.12s]
14:13:37.167896 [debug]: Compiled SQL for node model.nyc_311_project.raw_service_requests at target\.lsp\compiled\nyc_311_project\models\Staging\raw_service_requests.sql
14:13:37.167918 [debug]: Compiled SQL for node model.nyc_311_project.audit_raw_311_data at target\.lsp\compiled\nyc_311_project\models\Staging\audit_raw_311_data.sql
14:13:37.167936 [debug]: Finished rendering [  0.00s] model nyc_311_raw_data.raw_service_requests [success]
14:13:37.167949 [info ]: Started analyzing (3 nodes)
14:13:37.167954 [debug]: Started analyzing model nyc_311_raw_data.raw_service_requests
14:13:37.167962 [debug]: Finished rendering [  0.00s] model nyc_311_raw_data.audit_raw_311_data [success]
14:13:37.167967 [debug]: Started analyzing model nyc_311_raw_data.audit_raw_311_data
14:13:37.168086 [debug]: Finished analyzing [  0.00s] model nyc_311_raw_data.raw_service_requests [success]
14:13:37.168098 [info ]:  Succeeded [-------] model nyc_311_raw_data.raw_service_requests (table)
14:13:37.168765 [debug]: Compiled SQL for node model.nyc_311_project.stg_nyc_311_requests at target\.lsp\compiled\nyc_311_project\models\Staging\stg_nyc_311_requests.sql
14:13:37.168768 [debug]: Finished analyzing [  0.00s] model nyc_311_raw_data.audit_raw_311_data [success]
14:13:37.168777 [info ]:  Succeeded [-------] model nyc_311_raw_data.audit_raw_311_data (table)
14:13:37.168810 [debug]: Finished rendering [  0.00s] model nyc_311_raw_data.stg_nyc_311_requests [success]
14:13:37.168819 [info ]: Finished rendering [  0.00s] (3 nodes, 0 skipped, 0 errors)
14:13:37.168826 [debug]: Started analyzing model nyc_311_raw_data.stg_nyc_311_requests
14:13:37.169051 [debug]: Finished analyzing [  0.00s] model nyc_311_raw_data.stg_nyc_311_requests [success]
14:13:37.169057 [info ]: Finished analyzing [  0.00s] (3 nodes, 0 skipped, 0 errors)
14:13:37.169061 [info ]:  Succeeded [  0.00s] model nyc_311_raw_data.stg_nyc_311_requests (view)
14:13:37.171829 [info ]: Started scheduling
14:13:37.171854 [info ]: Finished scheduling [  0.00s]
14:13:37.173002 [info ]: Cached model count updated: 3 models (accurate)
==================== 2026-05-13T00:01:24.424654Z | f326b380-8c4a-4848-a76b-d1e742b4e6c4 ====================
00:01:24.424722 [info ]: Starting dbt LSP server
00:01:24.424766 [info ]: Connecting to LSP client on port 8000
00:01:24.426161 [info ]: Successfully connected to LSP client
00:01:24.426172 [info ]: Creating LSP service...
00:01:24.480041 [info ]: Creating LSP server...
00:01:24.480056 [info ]: Starting LSP server...
00:01:24.535539 [info ]: Loading profiles.yml
00:01:24.569531 [info ]: Started loading project
00:01:24.570062 [info ]: Loading profiles.yml
00:01:24.582595 [debug]:    Started loading packages
00:01:24.585149 [debug]:     Loaded [  0.00s] packages
00:01:24.586187 [info ]: Started parsing
00:01:24.607505 [info ]: Finished loading project [  0.04s]
00:01:24.608644 [debug]: Finished parsing models\Staging\schema.yml [  0.00s]
00:01:24.611453 [debug]: Finished parsing models\Staging\audit_raw_311_data.sql [  0.00s]
00:01:24.611934 [debug]: Finished parsing models\Staging\raw_service_requests.sql [  0.00s]
00:01:24.614120 [debug]: Finished parsing models\Staging\stg_nyc_311_requests.sql [  0.00s]
00:01:24.615130 [info ]: Finished parsing [  0.03s]
00:01:24.615640 [info ]: Cached model count updated: 3 models (estimate)
00:01:24.615649 [info ]: Cached model count updated: 3 models (accurate)
00:01:24.615719 [info ]: Started scheduling
00:01:24.615875 [info ]: Finished scheduling [  0.00s]
00:01:24.615901 [debug]: Compilation - 0 nodes selected: {}
00:01:24.615929 [warn ]: dbt1092: The selection criterion '' does not match any enabled nodes
00:01:24.615954 [warn ]: dbt1601: Nothing to do. Try checking your model configs and model specification args
00:01:24.615974 [info ]: Started scheduling
00:01:24.616032 [info ]: Finished scheduling [  0.00s]
00:01:24.718648 [info ]: Started building task graph
00:01:24.718733 [info ]: Finished building task graph [  0.00s]
00:01:24.721896 [info ]: Started scheduling
00:01:24.721922 [info ]: Finished scheduling [  0.00s]
00:01:24.722288 [info ]: Cached model count updated: 3 models (accurate)
00:01:26.283665 [info ]: Started loading project
00:01:26.284130 [info ]: Loading profiles.yml
00:01:26.300942 [info ]: Cached model count updated: 3 models (estimate)
00:01:26.300953 [info ]: Cached model count updated: 3 models (accurate)
00:01:26.300967 [info ]: Started scheduling
00:01:26.300987 [info ]: Finished scheduling [  0.00s]
00:01:26.300996 [debug]: Compilation - 0 nodes selected: {}
00:01:26.301002 [warn ]: dbt1092: The selection criterion '' does not match any enabled nodes
00:01:26.301008 [warn ]: dbt1601: Nothing to do. Try checking your model configs and model specification args
00:01:26.404406 [info ]: Started building task graph
00:01:26.404430 [info ]: Finished building task graph [  0.00s]
00:01:26.407475 [info ]: Started scheduling
00:01:26.407502 [info ]: Finished scheduling [  0.00s]
00:01:26.407730 [info ]: Finished loading project [  0.12s]
00:01:26.409138 [info ]: Cached model count updated: 3 models (accurate)
00:01:27.956632 [info ]: Started loading project
00:01:27.957122 [info ]: Loading profiles.yml
00:01:27.974011 [info ]: Cached model count updated: 3 models (estimate)
00:01:27.974022 [info ]: Cached model count updated: 3 models (accurate)
00:01:27.974035 [info ]: Started scheduling
00:01:27.974069 [info ]: Finished scheduling [  0.00s]
00:01:27.974079 [debug]: Compilation - 3 nodes selected: {"model.nyc_311_project.audit_raw_311_data", "model.nyc_311_project.raw_service_requests", "model.nyc_311_project.stg_nyc_311_requests"}
00:01:28.074095 [info ]: Started building task graph
00:01:28.074212 [info ]: Finished building task graph [  0.00s]
00:01:28.074391 [info ]: Started rendering (3 nodes)
00:01:28.074443 [info ]: Started model nyc_311_raw_data.stg_nyc_311_requests
00:01:28.074477 [debug]: Started rendering model nyc_311_raw_data.stg_nyc_311_requests
00:01:28.074506 [info ]: Started model nyc_311_raw_data.audit_raw_311_data
00:01:28.074511 [debug]: Started rendering model nyc_311_raw_data.audit_raw_311_data
00:01:28.074521 [info ]: Started model nyc_311_raw_data.raw_service_requests
00:01:28.074525 [debug]: Started rendering model nyc_311_raw_data.raw_service_requests
00:01:28.074528 [info ]: Finished loading project [  0.12s]
00:01:28.076253 [debug]: Compiled SQL for node model.nyc_311_project.audit_raw_311_data at target\.lsp\compiled\nyc_311_project\models\Staging\audit_raw_311_data.sql
00:01:28.076276 [debug]: Compiled SQL for node model.nyc_311_project.stg_nyc_311_requests at target\.lsp\compiled\nyc_311_project\models\Staging\stg_nyc_311_requests.sql
00:01:28.076299 [debug]: Compiled SQL for node model.nyc_311_project.raw_service_requests at target\.lsp\compiled\nyc_311_project\models\Staging\raw_service_requests.sql
00:01:28.076523 [debug]: Finished rendering [  0.00s] model nyc_311_raw_data.audit_raw_311_data [success]
00:01:28.076558 [info ]: Started analyzing (3 nodes)
00:01:28.076567 [debug]: Started analyzing model nyc_311_raw_data.audit_raw_311_data
00:01:28.076578 [debug]: Finished rendering [  0.00s] model nyc_311_raw_data.raw_service_requests [success]
00:01:28.076585 [debug]: Started analyzing model nyc_311_raw_data.raw_service_requests
00:01:28.076601 [debug]: Finished rendering [  0.00s] model nyc_311_raw_data.stg_nyc_311_requests [success]
00:01:28.076605 [info ]: Finished rendering [  0.00s] (3 nodes, 0 skipped, 0 errors)
00:01:28.076612 [debug]: Started analyzing model nyc_311_raw_data.stg_nyc_311_requests
00:01:28.080386 [debug]: Finished analyzing [  0.00s] model nyc_311_raw_data.raw_service_requests [success]
00:01:28.080400 [info ]:  Succeeded [  0.01s] model nyc_311_raw_data.raw_service_requests (table)
00:01:28.083570 [debug]: Finished analyzing [  0.01s] model nyc_311_raw_data.stg_nyc_311_requests [success]
00:01:28.083580 [info ]:  Succeeded [  0.01s] model nyc_311_raw_data.stg_nyc_311_requests (view)
00:01:28.088718 [debug]: Finished analyzing [  0.01s] model nyc_311_raw_data.audit_raw_311_data [success]
00:01:28.088731 [info ]: Finished analyzing [  0.01s] (3 nodes, 0 skipped, 0 errors)
00:01:28.088737 [info ]:  Succeeded [  0.01s] model nyc_311_raw_data.audit_raw_311_data (table)
00:01:28.091500 [info ]: Started scheduling
00:01:28.091525 [info ]: Finished scheduling [  0.00s]
00:01:28.092594 [info ]: Cached model count updated: 3 models (accurate)
00:11:01.588643 [info ]: Started loading project
00:11:01.589140 [info ]: Loading profiles.yml
00:11:01.593572 [info ]: Started parsing
00:11:01.607020 [info ]: Finished loading project [  0.02s]
00:11:01.607429 [debug]: Finished parsing models\Staging\schema.yml [  0.00s]
00:11:01.608438 [error]: dbt1060: While parsing config: Ignored unexpected key `"values"`. YAML path: `columns[1].tests[0].accepted_values.config.values`.
  --> models\Staging\schema.yml:18:17
00:11:01.609707 [debug]: Finished parsing models\Staging\stg_nyc_311_requests.sql [  0.00s]
00:11:01.610300 [info ]: Finished parsing [  0.02s]
00:11:01.611331 [info ]: Cached model count updated: 3 models (estimate)
00:11:01.611338 [info ]: Cached model count updated: 3 models (accurate)
00:11:01.611350 [info ]: Started scheduling
00:11:01.611368 [info ]: Finished scheduling [  0.00s]
00:11:01.611374 [debug]: Compilation - 0 nodes selected: {}
00:11:01.611381 [warn ]: dbt1092: The selection criterion '' does not match any enabled nodes
00:11:01.611386 [warn ]: dbt1601: Nothing to do. Try checking your model configs and model specification args
00:11:01.706808 [info ]: Started building task graph
00:11:01.706831 [info ]: Finished building task graph [  0.00s]
00:11:01.709522 [info ]: Started scheduling
00:11:01.709548 [info ]: Finished scheduling [  0.00s]
00:11:01.710347 [info ]: Cached model count updated: 3 models (accurate)
00:11:03.258175 [info ]: Started loading project
00:11:03.258654 [info ]: Loading profiles.yml
00:11:03.275495 [info ]: Cached model count updated: 3 models (estimate)
00:11:03.275510 [info ]: Cached model count updated: 3 models (accurate)
00:11:03.275525 [info ]: Started scheduling
00:11:03.275548 [info ]: Finished scheduling [  0.00s]
00:11:03.275558 [debug]: Compilation - 0 nodes selected: {}
00:11:03.275566 [warn ]: dbt1092: The selection criterion '' does not match any enabled nodes
00:11:03.275572 [warn ]: dbt1601: Nothing to do. Try checking your model configs and model specification args
00:11:03.375547 [info ]: Started building task graph
00:11:03.375570 [info ]: Finished building task graph [  0.00s]
00:11:03.378320 [info ]: Started scheduling
00:11:03.378344 [info ]: Finished scheduling [  0.00s]
00:11:03.378557 [info ]: Finished loading project [  0.12s]
00:11:03.379600 [info ]: Cached model count updated: 3 models (accurate)
00:11:04.945644 [info ]: Started loading project
00:11:04.946075 [info ]: Loading profiles.yml
00:11:04.962395 [info ]: Cached model count updated: 3 models (estimate)
00:11:04.962405 [info ]: Cached model count updated: 3 models (accurate)
00:11:04.962418 [info ]: Started scheduling
00:11:04.962450 [info ]: Finished scheduling [  0.00s]
00:11:04.962459 [debug]: Compilation - 3 nodes selected: {"model.nyc_311_project.audit_raw_311_data", "model.nyc_311_project.raw_service_requests", "model.nyc_311_project.stg_nyc_311_requests"}
00:11:05.059763 [info ]: Started building task graph
00:11:05.059802 [info ]: Finished building task graph [  0.00s]
00:11:05.059895 [info ]: Started rendering (3 nodes)
00:11:05.059907 [info ]: Started model nyc_311_raw_data.stg_nyc_311_requests
00:11:05.059915 [debug]: Started rendering model nyc_311_raw_data.stg_nyc_311_requests
00:11:05.059928 [info ]: Started model nyc_311_raw_data.audit_raw_311_data
00:11:05.059932 [debug]: Started rendering model nyc_311_raw_data.audit_raw_311_data
00:11:05.059937 [info ]: Started model nyc_311_raw_data.raw_service_requests
00:11:05.059941 [debug]: Started rendering model nyc_311_raw_data.raw_service_requests
00:11:05.059956 [info ]: Finished loading project [  0.11s]
00:11:05.060385 [debug]: Compiled SQL for node model.nyc_311_project.raw_service_requests at target\.lsp\compiled\nyc_311_project\models\Staging\raw_service_requests.sql
00:11:05.060384 [debug]: Compiled SQL for node model.nyc_311_project.audit_raw_311_data at target\.lsp\compiled\nyc_311_project\models\Staging\audit_raw_311_data.sql
00:11:05.060426 [debug]: Finished rendering [  0.00s] model nyc_311_raw_data.raw_service_requests [success]
00:11:05.060443 [info ]: Started analyzing (3 nodes)
00:11:05.060450 [debug]: Started analyzing model nyc_311_raw_data.raw_service_requests
00:11:05.060462 [debug]: Finished rendering [  0.00s] model nyc_311_raw_data.audit_raw_311_data [success]
00:11:05.060468 [debug]: Started analyzing model nyc_311_raw_data.audit_raw_311_data
00:11:05.060589 [debug]: Finished analyzing [  0.00s] model nyc_311_raw_data.raw_service_requests [success]
00:11:05.060602 [info ]:  Succeeded [-------] model nyc_311_raw_data.raw_service_requests (table)
00:11:05.061172 [debug]: Compiled SQL for node model.nyc_311_project.stg_nyc_311_requests at target\.lsp\compiled\nyc_311_project\models\Staging\stg_nyc_311_requests.sql
00:11:05.061220 [debug]: Finished rendering [  0.00s] model nyc_311_raw_data.stg_nyc_311_requests [success]
00:11:05.061232 [info ]: Finished rendering [  0.00s] (3 nodes, 0 skipped, 0 errors)
00:11:05.061242 [debug]: Started analyzing model nyc_311_raw_data.stg_nyc_311_requests
00:11:05.061359 [debug]: Finished analyzing [  0.00s] model nyc_311_raw_data.audit_raw_311_data [success]
00:11:05.061367 [info ]:  Succeeded [-------] model nyc_311_raw_data.audit_raw_311_data (table)
00:11:05.061492 [debug]: Finished analyzing [  0.00s] model nyc_311_raw_data.stg_nyc_311_requests [success]
00:11:05.061499 [info ]: Finished analyzing [  0.00s] (3 nodes, 0 skipped, 0 errors)
00:11:05.061504 [info ]:  Succeeded [  0.00s] model nyc_311_raw_data.stg_nyc_311_requests (view)
00:11:05.064115 [info ]: Started scheduling
00:11:05.064139 [info ]: Finished scheduling [  0.00s]
00:11:05.065153 [info ]: Cached model count updated: 3 models (accurate)
00:12:45.388407 [info ]: Started loading project
00:12:45.388868 [info ]: Loading profiles.yml
00:12:45.392911 [info ]: Started parsing
00:12:45.406041 [info ]: Finished loading project [  0.02s]
00:12:45.406446 [debug]: Finished parsing models\Staging\schema.yml [  0.00s]
00:12:45.408471 [debug]: Finished parsing models\Staging\stg_nyc_311_requests.sql [  0.00s]
00:12:45.409142 [info ]: Finished parsing [  0.02s]
00:12:45.410137 [info ]: Cached model count updated: 3 models (estimate)
00:12:45.410146 [info ]: Cached model count updated: 3 models (accurate)
00:12:45.410157 [info ]: Started scheduling
00:12:45.410178 [info ]: Finished scheduling [  0.00s]
00:12:45.410185 [debug]: Compilation - 0 nodes selected: {}
00:12:45.410191 [warn ]: dbt1092: The selection criterion '' does not match any enabled nodes
00:12:45.410197 [warn ]: dbt1601: Nothing to do. Try checking your model configs and model specification args
00:12:45.507675 [info ]: Started building task graph
00:12:45.507698 [info ]: Finished building task graph [  0.00s]
00:12:45.510385 [info ]: Started scheduling
00:12:45.510407 [info ]: Finished scheduling [  0.00s]
00:12:45.511168 [info ]: Cached model count updated: 3 models (accurate)
00:12:47.056546 [info ]: Started loading project
00:12:47.057025 [info ]: Loading profiles.yml
00:12:47.073754 [info ]: Cached model count updated: 3 models (estimate)
00:12:47.073768 [info ]: Cached model count updated: 3 models (accurate)
00:12:47.073784 [info ]: Started scheduling
00:12:47.073808 [info ]: Finished scheduling [  0.00s]
00:12:47.073818 [debug]: Compilation - 0 nodes selected: {}
00:12:47.073826 [warn ]: dbt1092: The selection criterion '' does not match any enabled nodes
00:12:47.073833 [warn ]: dbt1601: Nothing to do. Try checking your model configs and model specification args
00:12:47.177381 [info ]: Started building task graph
00:12:47.177404 [info ]: Finished building task graph [  0.00s]
00:12:47.180175 [info ]: Started scheduling
00:12:47.180197 [info ]: Finished scheduling [  0.00s]
00:12:47.180404 [info ]: Finished loading project [  0.12s]
00:12:47.181203 [info ]: Cached model count updated: 3 models (accurate)
00:12:48.735295 [info ]: Started loading project
00:12:48.735859 [info ]: Loading profiles.yml
00:12:48.753304 [info ]: Cached model count updated: 3 models (estimate)
00:12:48.753312 [info ]: Cached model count updated: 3 models (accurate)
00:12:48.753324 [info ]: Started scheduling
00:12:48.753357 [info ]: Finished scheduling [  0.00s]
00:12:48.753367 [debug]: Compilation - 3 nodes selected: {"model.nyc_311_project.audit_raw_311_data", "model.nyc_311_project.raw_service_requests", "model.nyc_311_project.stg_nyc_311_requests"}
00:12:48.851226 [info ]: Started building task graph
00:12:48.851258 [info ]: Finished building task graph [  0.00s]
00:12:48.851336 [info ]: Started rendering (3 nodes)
00:12:48.851347 [info ]: Started model nyc_311_raw_data.stg_nyc_311_requests
00:12:48.851355 [debug]: Started rendering model nyc_311_raw_data.stg_nyc_311_requests
00:12:48.851368 [info ]: Started model nyc_311_raw_data.audit_raw_311_data
00:12:48.851372 [debug]: Started rendering model nyc_311_raw_data.audit_raw_311_data
00:12:48.851378 [info ]: Started model nyc_311_raw_data.raw_service_requests
00:12:48.851382 [debug]: Started rendering model nyc_311_raw_data.raw_service_requests
00:12:48.851405 [info ]: Finished loading project [  0.12s]
00:12:48.851800 [debug]: Compiled SQL for node model.nyc_311_project.raw_service_requests at target\.lsp\compiled\nyc_311_project\models\Staging\raw_service_requests.sql
00:12:48.851838 [debug]: Compiled SQL for node model.nyc_311_project.audit_raw_311_data at target\.lsp\compiled\nyc_311_project\models\Staging\audit_raw_311_data.sql
00:12:48.851845 [debug]: Finished rendering [  0.00s] model nyc_311_raw_data.raw_service_requests [success]
00:12:48.851866 [info ]: Started analyzing (3 nodes)
00:12:48.851876 [debug]: Started analyzing model nyc_311_raw_data.raw_service_requests
00:12:48.851892 [debug]: Finished rendering [  0.00s] model nyc_311_raw_data.audit_raw_311_data [success]
00:12:48.851905 [debug]: Started analyzing model nyc_311_raw_data.audit_raw_311_data
00:12:48.852087 [debug]: Finished analyzing [  0.00s] model nyc_311_raw_data.raw_service_requests [success]
00:12:48.852100 [info ]:  Succeeded [-------] model nyc_311_raw_data.raw_service_requests (table)
00:12:48.852496 [debug]: Compiled SQL for node model.nyc_311_project.stg_nyc_311_requests at target\.lsp\compiled\nyc_311_project\models\Staging\stg_nyc_311_requests.sql
00:12:48.852536 [debug]: Finished rendering [  0.00s] model nyc_311_raw_data.stg_nyc_311_requests [success]
00:12:48.852543 [info ]: Finished rendering [  0.00s] (3 nodes, 0 skipped, 0 errors)
00:12:48.852554 [debug]: Started analyzing model nyc_311_raw_data.stg_nyc_311_requests
00:12:48.852747 [debug]: Finished analyzing [  0.00s] model nyc_311_raw_data.audit_raw_311_data [success]
00:12:48.852756 [info ]:  Succeeded [-------] model nyc_311_raw_data.audit_raw_311_data (table)
00:12:48.852776 [debug]: Finished analyzing [  0.00s] model nyc_311_raw_data.stg_nyc_311_requests [success]
00:12:48.852783 [info ]: Finished analyzing [  0.00s] (3 nodes, 0 skipped, 0 errors)
00:12:48.852787 [info ]:  Succeeded [  0.00s] model nyc_311_raw_data.stg_nyc_311_requests (view)
00:12:48.855166 [info ]: Started scheduling
00:12:48.855186 [info ]: Finished scheduling [  0.00s]
00:12:48.856096 [info ]: Cached model count updated: 3 models (accurate)
00:13:36.141516 [info ]: Started loading project
00:13:36.141989 [info ]: Loading profiles.yml
00:13:36.145953 [info ]: Started parsing
00:13:36.159409 [info ]: Finished loading project [  0.02s]
00:13:36.159834 [debug]: Finished parsing models\Staging\schema.yml [  0.00s]
00:13:36.162005 [debug]: Finished parsing models\Staging\stg_nyc_311_requests.sql [  0.00s]
00:13:36.162521 [info ]: Finished parsing [  0.02s]
00:13:36.163429 [info ]: Cached model count updated: 3 models (estimate)
00:13:36.163439 [info ]: Cached model count updated: 3 models (accurate)
00:13:36.163450 [info ]: Started scheduling
00:13:36.163468 [info ]: Finished scheduling [  0.00s]
00:13:36.163475 [debug]: Compilation - 0 nodes selected: {}
00:13:36.163481 [warn ]: dbt1092: The selection criterion '' does not match any enabled nodes
00:13:36.163487 [warn ]: dbt1601: Nothing to do. Try checking your model configs and model specification args
00:13:36.259866 [info ]: Started building task graph
00:13:36.259888 [info ]: Finished building task graph [  0.00s]
00:13:36.262390 [info ]: Started scheduling
00:13:36.262411 [info ]: Finished scheduling [  0.00s]
00:13:36.263158 [info ]: Cached model count updated: 3 models (accurate)
00:13:37.813993 [info ]: Started loading project
00:13:37.814437 [info ]: Loading profiles.yml
00:13:37.831391 [info ]: Cached model count updated: 3 models (estimate)
00:13:37.831405 [info ]: Cached model count updated: 3 models (accurate)
00:13:37.831422 [info ]: Started scheduling
00:13:37.831444 [info ]: Finished scheduling [  0.00s]
00:13:37.831454 [debug]: Compilation - 0 nodes selected: {}
00:13:37.831461 [warn ]: dbt1092: The selection criterion '' does not match any enabled nodes
00:13:37.831467 [warn ]: dbt1601: Nothing to do. Try checking your model configs and model specification args
00:13:37.932232 [info ]: Started building task graph
00:13:37.932256 [info ]: Finished building task graph [  0.00s]
00:13:37.935105 [info ]: Started scheduling
00:13:37.935130 [info ]: Finished scheduling [  0.00s]
00:13:37.935334 [info ]: Finished loading project [  0.12s]
00:13:37.936261 [info ]: Cached model count updated: 3 models (accurate)
00:13:39.491437 [info ]: Started loading project
00:13:39.491902 [info ]: Loading profiles.yml
00:13:39.507835 [info ]: Cached model count updated: 3 models (estimate)
00:13:39.507844 [info ]: Cached model count updated: 3 models (accurate)
00:13:39.507856 [info ]: Started scheduling
00:13:39.507889 [info ]: Finished scheduling [  0.00s]
00:13:39.507898 [debug]: Compilation - 3 nodes selected: {"model.nyc_311_project.audit_raw_311_data", "model.nyc_311_project.raw_service_requests", "model.nyc_311_project.stg_nyc_311_requests"}
00:13:39.601883 [info ]: Started building task graph
00:13:39.601915 [info ]: Finished building task graph [  0.00s]
00:13:39.601994 [info ]: Started rendering (3 nodes)
00:13:39.602004 [info ]: Started model nyc_311_raw_data.stg_nyc_311_requests
00:13:39.602012 [debug]: Started rendering model nyc_311_raw_data.stg_nyc_311_requests
00:13:39.602024 [info ]: Started model nyc_311_raw_data.audit_raw_311_data
00:13:39.602028 [debug]: Started rendering model nyc_311_raw_data.audit_raw_311_data
00:13:39.602034 [info ]: Started model nyc_311_raw_data.raw_service_requests
00:13:39.602037 [debug]: Started rendering model nyc_311_raw_data.raw_service_requests
00:13:39.602056 [info ]: Finished loading project [  0.11s]
00:13:39.602683 [debug]: Compiled SQL for node model.nyc_311_project.audit_raw_311_data at target\.lsp\compiled\nyc_311_project\models\Staging\audit_raw_311_data.sql
00:13:39.602725 [debug]: Finished rendering [  0.00s] model nyc_311_raw_data.audit_raw_311_data [success]
00:13:39.602734 [debug]: Compiled SQL for node model.nyc_311_project.raw_service_requests at target\.lsp\compiled\nyc_311_project\models\Staging\raw_service_requests.sql
00:13:39.602743 [info ]: Started analyzing (3 nodes)
00:13:39.602750 [debug]: Started analyzing model nyc_311_raw_data.audit_raw_311_data
00:13:39.602762 [debug]: Finished rendering [  0.00s] model nyc_311_raw_data.raw_service_requests [success]
00:13:39.602769 [debug]: Started analyzing model nyc_311_raw_data.raw_service_requests
00:13:39.602882 [debug]: Finished analyzing [  0.00s] model nyc_311_raw_data.raw_service_requests [success]
00:13:39.602890 [info ]:  Succeeded [-------] model nyc_311_raw_data.raw_service_requests (table)
00:13:39.603363 [debug]: Compiled SQL for node model.nyc_311_project.stg_nyc_311_requests at target\.lsp\compiled\nyc_311_project\models\Staging\stg_nyc_311_requests.sql
00:13:39.603408 [debug]: Finished rendering [  0.00s] model nyc_311_raw_data.stg_nyc_311_requests [success]
00:13:39.603418 [info ]: Finished rendering [  0.00s] (3 nodes, 0 skipped, 0 errors)
00:13:39.603425 [debug]: Started analyzing model nyc_311_raw_data.stg_nyc_311_requests
00:13:39.603548 [debug]: Finished analyzing [  0.00s] model nyc_311_raw_data.audit_raw_311_data [success]
00:13:39.603557 [info ]:  Succeeded [-------] model nyc_311_raw_data.audit_raw_311_data (table)
00:13:39.603648 [debug]: Finished analyzing [  0.00s] model nyc_311_raw_data.stg_nyc_311_requests [success]
00:13:39.603655 [info ]: Finished analyzing [  0.00s] (3 nodes, 0 skipped, 0 errors)
00:13:39.603659 [info ]:  Succeeded [  0.00s] model nyc_311_raw_data.stg_nyc_311_requests (view)
00:13:39.606087 [info ]: Started scheduling
00:13:39.606109 [info ]: Finished scheduling [  0.00s]
00:13:39.607147 [info ]: Cached model count updated: 3 models (accurate)
00:21:20.219250 [info ]: Started loading project
00:21:20.219764 [info ]: Loading profiles.yml
00:21:20.223811 [info ]: Started parsing
00:21:20.237358 [info ]: Finished loading project [  0.02s]
00:21:20.237760 [debug]: Finished parsing models\Staging\schema.yml [  0.00s]
00:21:20.239793 [debug]: Finished parsing models\Staging\stg_nyc_311_requests.sql [  0.00s]
00:21:20.240316 [info ]: Finished parsing [  0.02s]
00:21:20.241228 [info ]: Cached model count updated: 3 models (estimate)
00:21:20.241237 [info ]: Cached model count updated: 3 models (accurate)
00:21:20.241248 [info ]: Started scheduling
00:21:20.241267 [info ]: Finished scheduling [  0.00s]
00:21:20.241273 [debug]: Compilation - 0 nodes selected: {}
00:21:20.241279 [warn ]: dbt1092: The selection criterion '' does not match any enabled nodes
00:21:20.241286 [warn ]: dbt1601: Nothing to do. Try checking your model configs and model specification args
00:21:20.337282 [info ]: Started building task graph
00:21:20.337306 [info ]: Finished building task graph [  0.00s]
00:21:20.339955 [info ]: Started scheduling
00:21:20.339980 [info ]: Finished scheduling [  0.00s]
00:21:20.340759 [info ]: Cached model count updated: 3 models (accurate)
00:21:21.887276 [info ]: Started loading project
00:21:21.887722 [info ]: Loading profiles.yml
00:21:21.905165 [info ]: Cached model count updated: 3 models (estimate)
00:21:21.905178 [info ]: Cached model count updated: 3 models (accurate)
00:21:21.905196 [info ]: Started scheduling
00:21:21.905221 [info ]: Finished scheduling [  0.00s]
00:21:21.905231 [debug]: Compilation - 0 nodes selected: {}
00:21:21.905240 [warn ]: dbt1092: The selection criterion '' does not match any enabled nodes
00:21:21.905247 [warn ]: dbt1601: Nothing to do. Try checking your model configs and model specification args
00:21:22.010716 [info ]: Started building task graph
00:21:22.010744 [info ]: Finished building task graph [  0.00s]
00:21:22.013578 [info ]: Started scheduling
00:21:22.013601 [info ]: Finished scheduling [  0.00s]
00:21:22.013812 [info ]: Finished loading project [  0.13s]
00:21:22.014629 [info ]: Cached model count updated: 3 models (accurate)
00:21:23.577037 [info ]: Started loading project
00:21:23.577473 [info ]: Loading profiles.yml
00:21:23.593356 [info ]: Cached model count updated: 3 models (estimate)
00:21:23.593364 [info ]: Cached model count updated: 3 models (accurate)
00:21:23.593377 [info ]: Started scheduling
00:21:23.593408 [info ]: Finished scheduling [  0.00s]
00:21:23.593418 [debug]: Compilation - 3 nodes selected: {"model.nyc_311_project.audit_raw_311_data", "model.nyc_311_project.raw_service_requests", "model.nyc_311_project.stg_nyc_311_requests"}
00:21:23.688360 [info ]: Started building task graph
00:21:23.688392 [info ]: Finished building task graph [  0.00s]
00:21:23.688469 [info ]: Started rendering (3 nodes)
00:21:23.688479 [info ]: Started model nyc_311_raw_data.stg_nyc_311_requests
00:21:23.688488 [debug]: Started rendering model nyc_311_raw_data.stg_nyc_311_requests
00:21:23.688501 [info ]: Started model nyc_311_raw_data.audit_raw_311_data
00:21:23.688505 [debug]: Started rendering model nyc_311_raw_data.audit_raw_311_data
00:21:23.688511 [info ]: Started model nyc_311_raw_data.raw_service_requests
00:21:23.688514 [debug]: Started rendering model nyc_311_raw_data.raw_service_requests
00:21:23.688540 [info ]: Finished loading project [  0.11s]
00:21:23.688888 [debug]: Compiled SQL for node model.nyc_311_project.raw_service_requests at target\.lsp\compiled\nyc_311_project\models\Staging\raw_service_requests.sql
00:21:23.688925 [debug]: Finished rendering [  0.00s] model nyc_311_raw_data.raw_service_requests [success]
00:21:23.688942 [info ]: Started analyzing (3 nodes)
00:21:23.688949 [debug]: Started analyzing model nyc_311_raw_data.raw_service_requests
00:21:23.688958 [debug]: Compiled SQL for node model.nyc_311_project.audit_raw_311_data at target\.lsp\compiled\nyc_311_project\models\Staging\audit_raw_311_data.sql
00:21:23.688995 [debug]: Finished rendering [  0.00s] model nyc_311_raw_data.audit_raw_311_data [success]
00:21:23.689012 [debug]: Started analyzing model nyc_311_raw_data.audit_raw_311_data
00:21:23.689094 [debug]: Finished analyzing [  0.00s] model nyc_311_raw_data.raw_service_requests [success]
00:21:23.689106 [info ]:  Succeeded [-------] model nyc_311_raw_data.raw_service_requests (table)
00:21:23.689597 [debug]: Compiled SQL for node model.nyc_311_project.stg_nyc_311_requests at target\.lsp\compiled\nyc_311_project\models\Staging\stg_nyc_311_requests.sql
00:21:23.689640 [debug]: Finished rendering [  0.00s] model nyc_311_raw_data.stg_nyc_311_requests [success]
00:21:23.689651 [info ]: Finished rendering [  0.00s] (3 nodes, 0 skipped, 0 errors)
00:21:23.689660 [debug]: Started analyzing model nyc_311_raw_data.stg_nyc_311_requests
00:21:23.689907 [debug]: Finished analyzing [  0.00s] model nyc_311_raw_data.audit_raw_311_data [success]
00:21:23.689919 [info ]:  Succeeded [-------] model nyc_311_raw_data.audit_raw_311_data (table)
00:21:23.689977 [debug]: Finished analyzing [  0.00s] model nyc_311_raw_data.stg_nyc_311_requests [success]
00:21:23.689984 [info ]: Finished analyzing [  0.00s] (3 nodes, 0 skipped, 0 errors)
00:21:23.689989 [info ]:  Succeeded [  0.00s] model nyc_311_raw_data.stg_nyc_311_requests (view)
00:21:23.692342 [info ]: Started scheduling
00:21:23.692363 [info ]: Finished scheduling [  0.00s]
00:21:23.693416 [info ]: Cached model count updated: 3 models (accurate)
00:29:26.450416 [info ]: Started loading project
00:29:26.450943 [info ]: Loading profiles.yml
00:29:26.455164 [info ]: Started parsing
00:29:26.469401 [info ]: Finished loading project [  0.02s]
00:29:26.469914 [debug]: Finished parsing models\Staging\schema.yml [  0.00s]
00:29:26.472212 [debug]: Finished parsing models\Staging\stg_nyc_311_requests.sql [  0.00s]
00:29:26.473086 [info ]: Finished parsing [  0.02s]
00:29:26.474262 [info ]: Cached model count updated: 3 models (estimate)
00:29:26.474270 [info ]: Cached model count updated: 3 models (accurate)
00:29:26.474283 [info ]: Started scheduling
00:29:26.474306 [info ]: Finished scheduling [  0.00s]
00:29:26.474312 [debug]: Compilation - 0 nodes selected: {}
00:29:26.474320 [warn ]: dbt1092: The selection criterion '' does not match any enabled nodes
00:29:26.474327 [warn ]: dbt1601: Nothing to do. Try checking your model configs and model specification args
00:29:26.573850 [info ]: Started building task graph
00:29:26.573874 [info ]: Finished building task graph [  0.00s]
00:29:26.576482 [info ]: Started scheduling
00:29:26.576507 [info ]: Finished scheduling [  0.00s]
00:29:26.577465 [info ]: Cached model count updated: 3 models (accurate)
00:29:28.130975 [info ]: Started loading project
00:29:28.131414 [info ]: Loading profiles.yml
00:29:28.148569 [info ]: Cached model count updated: 3 models (estimate)
00:29:28.148586 [info ]: Cached model count updated: 3 models (accurate)
00:29:28.148604 [info ]: Started scheduling
00:29:28.148627 [info ]: Finished scheduling [  0.00s]
00:29:28.148637 [debug]: Compilation - 0 nodes selected: {}
00:29:28.148645 [warn ]: dbt1092: The selection criterion '' does not match any enabled nodes
00:29:28.148651 [warn ]: dbt1601: Nothing to do. Try checking your model configs and model specification args
00:29:28.251161 [info ]: Started building task graph
00:29:28.251183 [info ]: Finished building task graph [  0.00s]
00:29:28.253897 [info ]: Started scheduling
00:29:28.253921 [info ]: Finished scheduling [  0.00s]
00:29:28.254122 [info ]: Finished loading project [  0.12s]
00:29:28.254950 [info ]: Cached model count updated: 3 models (accurate)
00:29:29.811797 [info ]: Started loading project
00:29:29.812384 [info ]: Loading profiles.yml
00:29:29.829116 [info ]: Cached model count updated: 3 models (estimate)
00:29:29.829124 [info ]: Cached model count updated: 3 models (accurate)
00:29:29.829137 [info ]: Started scheduling
00:29:29.829169 [info ]: Finished scheduling [  0.00s]
00:29:29.829178 [debug]: Compilation - 3 nodes selected: {"model.nyc_311_project.audit_raw_311_data", "model.nyc_311_project.raw_service_requests", "model.nyc_311_project.stg_nyc_311_requests"}
00:29:29.926956 [info ]: Started building task graph
00:29:29.926999 [info ]: Finished building task graph [  0.00s]
00:29:29.927097 [info ]: Started rendering (3 nodes)
00:29:29.927109 [info ]: Started model nyc_311_raw_data.stg_nyc_311_requests
00:29:29.927117 [debug]: Started rendering model nyc_311_raw_data.stg_nyc_311_requests
00:29:29.927130 [info ]: Started model nyc_311_raw_data.audit_raw_311_data
00:29:29.927135 [debug]: Started rendering model nyc_311_raw_data.audit_raw_311_data
00:29:29.927140 [info ]: Started model nyc_311_raw_data.raw_service_requests
00:29:29.927143 [debug]: Started rendering model nyc_311_raw_data.raw_service_requests
00:29:29.927166 [info ]: Finished loading project [  0.12s]
00:29:29.927572 [debug]: Compiled SQL for node model.nyc_311_project.raw_service_requests at target\.lsp\compiled\nyc_311_project\models\Staging\raw_service_requests.sql
00:29:29.927583 [debug]: Compiled SQL for node model.nyc_311_project.audit_raw_311_data at target\.lsp\compiled\nyc_311_project\models\Staging\audit_raw_311_data.sql
00:29:29.927613 [debug]: Finished rendering [  0.00s] model nyc_311_raw_data.raw_service_requests [success]
00:29:29.927633 [info ]: Started analyzing (3 nodes)
00:29:29.927640 [debug]: Started analyzing model nyc_311_raw_data.raw_service_requests
00:29:29.927653 [debug]: Finished rendering [  0.00s] model nyc_311_raw_data.audit_raw_311_data [success]
00:29:29.927662 [debug]: Started analyzing model nyc_311_raw_data.audit_raw_311_data
00:29:29.927788 [debug]: Finished analyzing [  0.00s] model nyc_311_raw_data.raw_service_requests [success]
00:29:29.927800 [info ]:  Succeeded [-------] model nyc_311_raw_data.raw_service_requests (table)
00:29:29.928290 [debug]: Compiled SQL for node model.nyc_311_project.stg_nyc_311_requests at target\.lsp\compiled\nyc_311_project\models\Staging\stg_nyc_311_requests.sql
00:29:29.928330 [debug]: Finished rendering [  0.00s] model nyc_311_raw_data.stg_nyc_311_requests [success]
00:29:29.928339 [info ]: Finished rendering [  0.00s] (3 nodes, 0 skipped, 0 errors)
00:29:29.928347 [debug]: Started analyzing model nyc_311_raw_data.stg_nyc_311_requests
00:29:29.928476 [debug]: Finished analyzing [  0.00s] model nyc_311_raw_data.audit_raw_311_data [success]
00:29:29.928485 [info ]:  Succeeded [-------] model nyc_311_raw_data.audit_raw_311_data (table)
00:29:29.928576 [debug]: Finished analyzing [  0.00s] model nyc_311_raw_data.stg_nyc_311_requests [success]
00:29:29.928583 [info ]: Finished analyzing [  0.00s] (3 nodes, 0 skipped, 0 errors)
00:29:29.928587 [info ]:  Succeeded [  0.00s] model nyc_311_raw_data.stg_nyc_311_requests (view)
00:29:29.931328 [info ]: Started scheduling
00:29:29.931353 [info ]: Finished scheduling [  0.00s]
00:29:29.932416 [info ]: Cached model count updated: 3 models (accurate)
00:37:38.353413 [info ]: Started loading project
00:37:38.353847 [info ]: Loading profiles.yml
00:37:38.370918 [info ]: Finished loading project [  0.02s]
00:37:38.371134 [info ]: Cached model count updated: 3 models (accurate)
00:37:39.929934 [info ]: Started loading project
00:37:39.930514 [info ]: Loading profiles.yml
00:37:39.949357 [info ]: Cached model count updated: 3 models (estimate)
00:37:39.949365 [info ]: Cached model count updated: 3 models (accurate)
00:37:39.949378 [info ]: Started scheduling
00:37:39.949409 [info ]: Finished scheduling [  0.00s]
00:37:39.949419 [debug]: Compilation - 3 nodes selected: {"model.nyc_311_project.audit_raw_311_data", "model.nyc_311_project.raw_service_requests", "model.nyc_311_project.stg_nyc_311_requests"}
00:37:40.047290 [info ]: Started building task graph
00:37:40.047332 [info ]: Finished building task graph [  0.00s]
00:37:40.047459 [info ]: Started rendering (3 nodes)
00:37:40.047471 [info ]: Started model nyc_311_raw_data.stg_nyc_311_requests
00:37:40.047479 [debug]: Started rendering model nyc_311_raw_data.stg_nyc_311_requests
00:37:40.047494 [info ]: Started model nyc_311_raw_data.audit_raw_311_data
00:37:40.047500 [debug]: Started rendering model nyc_311_raw_data.audit_raw_311_data
00:37:40.047506 [info ]: Started model nyc_311_raw_data.raw_service_requests
00:37:40.047510 [debug]: Started rendering model nyc_311_raw_data.raw_service_requests
00:37:40.047520 [info ]: Finished loading project [  0.12s]
00:37:40.047917 [debug]: Compiled SQL for node model.nyc_311_project.audit_raw_311_data at target\.lsp\compiled\nyc_311_project\models\Staging\audit_raw_311_data.sql
00:37:40.047916 [debug]: Compiled SQL for node model.nyc_311_project.raw_service_requests at target\.lsp\compiled\nyc_311_project\models\Staging\raw_service_requests.sql
00:37:40.047932 [debug]: Compiled SQL for node model.nyc_311_project.stg_nyc_311_requests at target\.lsp\compiled\nyc_311_project\models\Staging\stg_nyc_311_requests.sql
00:37:40.047953 [debug]: Finished rendering [  0.00s] model nyc_311_raw_data.audit_raw_311_data [success]
00:37:40.047969 [info ]: Started analyzing (3 nodes)
00:37:40.047976 [debug]: Started analyzing model nyc_311_raw_data.audit_raw_311_data
00:37:40.047988 [debug]: Finished rendering [  0.00s] model nyc_311_raw_data.raw_service_requests [success]
00:37:40.047995 [debug]: Started analyzing model nyc_311_raw_data.raw_service_requests
00:37:40.048006 [debug]: Finished rendering [  0.00s] model nyc_311_raw_data.stg_nyc_311_requests [success]
00:37:40.048010 [info ]: Finished rendering [  0.00s] (3 nodes, 0 skipped, 0 errors)
00:37:40.048014 [debug]: Started analyzing model nyc_311_raw_data.stg_nyc_311_requests
00:37:40.048115 [debug]: Finished analyzing [  0.00s] model nyc_311_raw_data.raw_service_requests [success]
00:37:40.048126 [info ]:  Succeeded [-------] model nyc_311_raw_data.raw_service_requests (table)
00:37:40.048300 [debug]: Finished analyzing [  0.00s] model nyc_311_raw_data.stg_nyc_311_requests [success]
00:37:40.048308 [info ]:  Succeeded [-------] model nyc_311_raw_data.stg_nyc_311_requests (view)
00:37:40.048853 [debug]: Finished analyzing [  0.00s] model nyc_311_raw_data.audit_raw_311_data [success]
00:37:40.048865 [info ]: Finished analyzing [  0.00s] (3 nodes, 0 skipped, 0 errors)
00:37:40.048872 [info ]:  Succeeded [-------] model nyc_311_raw_data.audit_raw_311_data (table)
00:37:40.051780 [info ]: Started scheduling
00:37:40.051804 [info ]: Finished scheduling [  0.00s]
00:37:40.053130 [info ]: Cached model count updated: 3 models (accurate)
00:37:47.089836 [info ]: Started loading project
00:37:47.090272 [info ]: Loading profiles.yml
00:37:47.093689 [info ]: Started loading project
00:37:47.094066 [info ]: Loading profiles.yml
00:37:47.094088 [info ]: Finished loading project [  0.00s]
00:37:47.105725 [debug]:    Started loading packages
00:37:47.108355 [debug]:     Loaded [  0.00s] packages
00:37:47.109038 [info ]: Started parsing
00:37:47.128916 [info ]: Finished loading project [  0.04s]
00:37:47.129469 [debug]: Finished parsing models\Staging\schema.yml [  0.00s]
00:37:47.130429 [debug]: Finished parsing models\Intermediate\fct_nyc_311_performance.sql [  0.00s]
00:37:47.130896 [debug]: Finished parsing models\Staging\audit_raw_311_data.sql [  0.00s]
00:37:47.131281 [debug]: Finished parsing models\Staging\raw_service_requests.sql [  0.00s]
00:37:47.132988 [debug]: Finished parsing models\Staging\stg_nyc_311_requests.sql [  0.00s]
00:37:47.133879 [info ]: Finished parsing [  0.02s]
00:37:47.134429 [info ]: Cached model count updated: 4 models (estimate)
00:37:47.134437 [info ]: Cached model count updated: 4 models (accurate)
00:37:47.134450 [info ]: Started scheduling
00:37:47.134469 [info ]: Finished scheduling [  0.00s]
00:37:47.134476 [debug]: Compilation - 0 nodes selected: {}
00:37:47.134483 [warn ]: dbt1092: The selection criterion '' does not match any enabled nodes
00:37:47.134488 [warn ]: dbt1601: Nothing to do. Try checking your model configs and model specification args
00:37:47.134493 [info ]: Started scheduling
00:37:47.134518 [info ]: Finished scheduling [  0.00s]
00:37:47.231314 [info ]: Started building task graph
00:37:47.231339 [info ]: Finished building task graph [  0.00s]
00:37:47.234344 [info ]: Started scheduling
00:37:47.234373 [info ]: Finished scheduling [  0.00s]
00:37:47.236560 [info ]: Cached model count updated: 4 models (accurate)
00:37:48.789177 [info ]: Started loading project
00:37:48.789646 [info ]: Loading profiles.yml
00:37:48.806417 [info ]: Cached model count updated: 4 models (estimate)
00:37:48.806428 [info ]: Cached model count updated: 4 models (accurate)
00:37:48.806443 [info ]: Started scheduling
00:37:48.806479 [info ]: Finished scheduling [  0.00s]
00:37:48.806489 [debug]: Compilation - 3 nodes selected: {"model.nyc_311_project.audit_raw_311_data", "model.nyc_311_project.raw_service_requests", "model.nyc_311_project.stg_nyc_311_requests"}
00:37:48.908803 [info ]: Started building task graph
00:37:48.908844 [info ]: Finished building task graph [  0.00s]
00:37:48.908942 [info ]: Started rendering (3 nodes)
00:37:48.908953 [info ]: Started model nyc_311_raw_data.stg_nyc_311_requests
00:37:48.908962 [debug]: Started rendering model nyc_311_raw_data.stg_nyc_311_requests
00:37:48.908976 [info ]: Started model nyc_311_raw_data.audit_raw_311_data
00:37:48.908981 [debug]: Started rendering model nyc_311_raw_data.audit_raw_311_data
00:37:48.908987 [info ]: Started model nyc_311_raw_data.raw_service_requests
00:37:48.908991 [debug]: Started rendering model nyc_311_raw_data.raw_service_requests
00:37:48.909002 [info ]: Finished loading project [  0.12s]
00:37:48.910308 [debug]: Compiled SQL for node model.nyc_311_project.raw_service_requests at target\.lsp\compiled\nyc_311_project\models\Staging\raw_service_requests.sql
00:37:48.910330 [debug]: Compiled SQL for node model.nyc_311_project.stg_nyc_311_requests at target\.lsp\compiled\nyc_311_project\models\Staging\stg_nyc_311_requests.sql
00:37:48.910366 [debug]: Compiled SQL for node model.nyc_311_project.audit_raw_311_data at target\.lsp\compiled\nyc_311_project\models\Staging\audit_raw_311_data.sql
00:37:48.910371 [debug]: Finished rendering [  0.00s] model nyc_311_raw_data.raw_service_requests [success]
00:37:48.910386 [info ]: Started analyzing (3 nodes)
00:37:48.910392 [debug]: Started analyzing model nyc_311_raw_data.raw_service_requests
00:37:48.910402 [debug]: Finished rendering [  0.00s] model nyc_311_raw_data.stg_nyc_311_requests [success]
00:37:48.910408 [debug]: Started analyzing model nyc_311_raw_data.stg_nyc_311_requests
00:37:48.910416 [debug]: Finished rendering [  0.00s] model nyc_311_raw_data.audit_raw_311_data [success]
00:37:48.910420 [info ]: Finished rendering [  0.00s] (3 nodes, 0 skipped, 0 errors)
00:37:48.910424 [debug]: Started analyzing model nyc_311_raw_data.audit_raw_311_data
00:37:48.910525 [debug]: Finished analyzing [  0.00s] model nyc_311_raw_data.raw_service_requests [success]
00:37:48.910538 [info ]:  Succeeded [  0.00s] model nyc_311_raw_data.raw_service_requests (table)
00:37:48.910690 [debug]: Finished analyzing [  0.00s] model nyc_311_raw_data.stg_nyc_311_requests [success]
00:37:48.910699 [info ]:  Succeeded [  0.00s] model nyc_311_raw_data.stg_nyc_311_requests (view)
00:37:48.911135 [debug]: Finished analyzing [  0.00s] model nyc_311_raw_data.audit_raw_311_data [success]
00:37:48.911142 [info ]: Finished analyzing [  0.00s] (3 nodes, 0 skipped, 0 errors)
00:37:48.911146 [info ]:  Succeeded [  0.00s] model nyc_311_raw_data.audit_raw_311_data (table)
00:37:48.914083 [info ]: Started scheduling
00:37:48.914108 [info ]: Finished scheduling [  0.00s]
00:37:48.915366 [info ]: Cached model count updated: 4 models (accurate)
00:38:57.936188 [info ]: Started loading project
00:38:57.936659 [info ]: Loading profiles.yml
00:38:57.940857 [info ]: Started parsing
00:38:57.954310 [info ]: Finished loading project [  0.02s]
00:38:57.956670 [debug]: Finished parsing models\Intermediate\fct_nyc_311_performance.sql [  0.00s]
00:38:57.957223 [info ]: Finished parsing [  0.02s]
00:38:57.958321 [info ]: Cached model count updated: 4 models (estimate)
00:38:57.958329 [info ]: Cached model count updated: 4 models (accurate)
00:38:57.958354 [info ]: Started scheduling
00:38:57.958408 [info ]: Finished scheduling [  0.00s]
00:38:57.958415 [debug]: Compilation - 3 nodes selected: {"model.nyc_311_project.fct_nyc_311_performance", "model.nyc_311_project.raw_service_requests", "model.nyc_311_project.stg_nyc_311_requests"}
00:38:58.056405 [info ]: Started building task graph
00:38:58.056444 [info ]: Finished building task graph [  0.00s]
00:38:58.056542 [info ]: Started rendering (3 nodes)
00:38:58.056553 [info ]: Started model nyc_311_raw_data.fct_nyc_311_performance
00:38:58.056561 [debug]: Started rendering model nyc_311_raw_data.fct_nyc_311_performance
00:38:58.056575 [info ]: Started model nyc_311_raw_data.stg_nyc_311_requests
00:38:58.056579 [debug]: Started rendering model nyc_311_raw_data.stg_nyc_311_requests
00:38:58.056586 [info ]: Started model nyc_311_raw_data.raw_service_requests
00:38:58.056590 [debug]: Started rendering model nyc_311_raw_data.raw_service_requests
00:38:58.057008 [debug]: Compiled SQL for node model.nyc_311_project.raw_service_requests at target\.lsp\compiled\nyc_311_project\models\Staging\raw_service_requests.sql
00:38:58.057036 [debug]: Compiled SQL for node model.nyc_311_project.stg_nyc_311_requests at target\.lsp\compiled\nyc_311_project\models\Staging\stg_nyc_311_requests.sql
00:38:58.057052 [debug]: Finished rendering [  0.00s] model nyc_311_raw_data.raw_service_requests [success]
00:38:58.057073 [info ]: Started analyzing (3 nodes)
00:38:58.057081 [debug]: Started analyzing model nyc_311_raw_data.raw_service_requests
00:38:58.057094 [debug]: Finished rendering [  0.00s] model nyc_311_raw_data.stg_nyc_311_requests [success]
00:38:58.057102 [debug]: Started analyzing model nyc_311_raw_data.stg_nyc_311_requests
00:38:58.057219 [debug]: Finished analyzing [  0.00s] model nyc_311_raw_data.raw_service_requests [success]
00:38:58.057231 [info ]:  Succeeded [-------] model nyc_311_raw_data.raw_service_requests (table)
00:38:58.057441 [debug]: Finished analyzing [  0.00s] model nyc_311_raw_data.stg_nyc_311_requests [success]
00:38:58.057451 [info ]:  Succeeded [-------] model nyc_311_raw_data.stg_nyc_311_requests (view)
00:38:58.057941 [debug]: Compiled SQL for node model.nyc_311_project.fct_nyc_311_performance at target\.lsp\compiled\nyc_311_project\models\Intermediate\fct_nyc_311_performance.sql
00:38:58.057982 [debug]: Finished rendering [  0.00s] model nyc_311_raw_data.fct_nyc_311_performance [success]
00:38:58.057991 [info ]: Finished rendering [  0.00s] (3 nodes, 0 skipped, 0 errors)
00:38:58.057999 [debug]: Started analyzing model nyc_311_raw_data.fct_nyc_311_performance
00:38:58.063157 [debug]: Finished analyzing [  0.01s] model nyc_311_raw_data.fct_nyc_311_performance [success]
00:38:58.063167 [info ]: Finished analyzing [  0.01s] (3 nodes, 0 skipped, 0 errors)
00:38:58.063172 [info ]:  Succeeded [  0.01s] model nyc_311_raw_data.fct_nyc_311_performance (table)
00:38:58.065920 [info ]: Started scheduling
00:38:58.065961 [info ]: Finished scheduling [  0.00s]
00:38:58.066703 [info ]: Cached model count updated: 4 models (accurate)
00:38:59.606083 [info ]: Started loading project
00:38:59.606585 [info ]: Loading profiles.yml
00:38:59.623404 [info ]: Cached model count updated: 4 models (estimate)
00:38:59.623417 [info ]: Cached model count updated: 4 models (accurate)
00:38:59.623437 [info ]: Started scheduling
00:38:59.623485 [info ]: Finished scheduling [  0.00s]
00:38:59.623495 [debug]: Compilation - 3 nodes selected: {"model.nyc_311_project.fct_nyc_311_performance", "model.nyc_311_project.raw_service_requests", "model.nyc_311_project.stg_nyc_311_requests"}
00:38:59.721963 [info ]: Started building task graph
00:38:59.722004 [info ]: Finished building task graph [  0.00s]
00:38:59.722103 [info ]: Started rendering (3 nodes)
00:38:59.722114 [info ]: Started model nyc_311_raw_data.fct_nyc_311_performance
00:38:59.722123 [debug]: Started rendering model nyc_311_raw_data.fct_nyc_311_performance
00:38:59.722136 [info ]: Started model nyc_311_raw_data.stg_nyc_311_requests
00:38:59.722141 [debug]: Started rendering model nyc_311_raw_data.stg_nyc_311_requests
00:38:59.722147 [info ]: Started model nyc_311_raw_data.raw_service_requests
00:38:59.722150 [debug]: Started rendering model nyc_311_raw_data.raw_service_requests
00:38:59.722181 [info ]: Finished loading project [  0.12s]
00:38:59.722477 [debug]: Compiled SQL for node model.nyc_311_project.stg_nyc_311_requests at target\.lsp\compiled\nyc_311_project\models\Staging\stg_nyc_311_requests.sql
00:38:59.722477 [debug]: Compiled SQL for node model.nyc_311_project.raw_service_requests at target\.lsp\compiled\nyc_311_project\models\Staging\raw_service_requests.sql
00:38:59.722478 [debug]: Compiled SQL for node model.nyc_311_project.fct_nyc_311_performance at target\.lsp\compiled\nyc_311_project\models\Intermediate\fct_nyc_311_performance.sql
00:38:59.722524 [debug]: Finished rendering [  0.00s] model nyc_311_raw_data.raw_service_requests [success]
00:38:59.722543 [info ]: Started analyzing (3 nodes)
00:38:59.722551 [debug]: Started analyzing model nyc_311_raw_data.raw_service_requests
00:38:59.722564 [debug]: Finished rendering [  0.00s] model nyc_311_raw_data.fct_nyc_311_performance [success]
00:38:59.722572 [debug]: Started analyzing model nyc_311_raw_data.fct_nyc_311_performance
00:38:59.722585 [debug]: Finished rendering [  0.00s] model nyc_311_raw_data.stg_nyc_311_requests [success]
00:38:59.722591 [info ]: Finished rendering [  0.00s] (3 nodes, 0 skipped, 0 errors)
00:38:59.722598 [debug]: Started analyzing model nyc_311_raw_data.stg_nyc_311_requests
00:38:59.722670 [debug]: Finished analyzing [  0.00s] model nyc_311_raw_data.raw_service_requests [success]
00:38:59.722679 [info ]:  Succeeded [-------] model nyc_311_raw_data.raw_service_requests (table)
00:38:59.722912 [debug]: Finished analyzing [  0.00s] model nyc_311_raw_data.stg_nyc_311_requests [success]
00:38:59.722924 [info ]:  Succeeded [-------] model nyc_311_raw_data.stg_nyc_311_requests (view)
00:38:59.723332 [debug]: Finished analyzing [  0.00s] model nyc_311_raw_data.fct_nyc_311_performance [success]
00:38:59.723342 [info ]: Finished analyzing [  0.00s] (3 nodes, 0 skipped, 0 errors)
00:38:59.723348 [info ]:  Succeeded [-------] model nyc_311_raw_data.fct_nyc_311_performance (table)
00:38:59.726052 [info ]: Started scheduling
00:38:59.726077 [info ]: Finished scheduling [  0.00s]
00:38:59.727169 [info ]: Cached model count updated: 4 models (accurate)
00:39:01.279398 [info ]: Started loading project
00:39:01.279857 [info ]: Loading profiles.yml
00:39:01.296198 [info ]: Cached model count updated: 4 models (estimate)
00:39:01.296208 [info ]: Cached model count updated: 4 models (accurate)
00:39:01.296223 [info ]: Started scheduling
00:39:01.296259 [info ]: Finished scheduling [  0.00s]
00:39:01.296269 [debug]: Compilation - 4 nodes selected: {"model.nyc_311_project.audit_raw_311_data", "model.nyc_311_project.fct_nyc_311_performance", "model.nyc_311_project.raw_service_requests", "model.nyc_311_project.stg_nyc_311_requests"}
00:39:01.392379 [info ]: Started building task graph
00:39:01.392422 [info ]: Finished building task graph [  0.00s]
00:39:01.392524 [info ]: Started rendering (4 nodes)
00:39:01.392534 [info ]: Started model nyc_311_raw_data.fct_nyc_311_performance
00:39:01.392543 [debug]: Started rendering model nyc_311_raw_data.fct_nyc_311_performance
00:39:01.392556 [info ]: Started model nyc_311_raw_data.stg_nyc_311_requests
00:39:01.392561 [debug]: Started rendering model nyc_311_raw_data.stg_nyc_311_requests
00:39:01.392567 [info ]: Started model nyc_311_raw_data.audit_raw_311_data
00:39:01.392571 [debug]: Started rendering model nyc_311_raw_data.audit_raw_311_data
00:39:01.392577 [info ]: Started model nyc_311_raw_data.raw_service_requests
00:39:01.392582 [debug]: Started rendering model nyc_311_raw_data.raw_service_requests
00:39:01.392582 [info ]: Finished loading project [  0.11s]
00:39:01.392918 [debug]: Compiled SQL for node model.nyc_311_project.fct_nyc_311_performance at target\.lsp\compiled\nyc_311_project\models\Intermediate\fct_nyc_311_performance.sql
00:39:01.392945 [debug]: Compiled SQL for node model.nyc_311_project.stg_nyc_311_requests at target\.lsp\compiled\nyc_311_project\models\Staging\stg_nyc_311_requests.sql
00:39:01.392944 [debug]: Compiled SQL for node model.nyc_311_project.audit_raw_311_data at target\.lsp\compiled\nyc_311_project\models\Staging\audit_raw_311_data.sql
00:39:01.392964 [debug]: Finished rendering [  0.00s] model nyc_311_raw_data.fct_nyc_311_performance [success]
00:39:01.392984 [info ]: Started analyzing (4 nodes)
00:39:01.392990 [debug]: Started analyzing model nyc_311_raw_data.fct_nyc_311_performance
00:39:01.392998 [debug]: Compiled SQL for node model.nyc_311_project.raw_service_requests at target\.lsp\compiled\nyc_311_project\models\Staging\raw_service_requests.sql
00:39:01.393003 [debug]: Finished rendering [  0.00s] model nyc_311_raw_data.stg_nyc_311_requests [success]
00:39:01.393015 [debug]: Started analyzing model nyc_311_raw_data.stg_nyc_311_requests
00:39:01.393026 [debug]: Finished rendering [  0.00s] model nyc_311_raw_data.audit_raw_311_data [success]
00:39:01.393034 [debug]: Started analyzing model nyc_311_raw_data.audit_raw_311_data
00:39:01.393045 [debug]: Finished rendering [  0.00s] model nyc_311_raw_data.raw_service_requests [success]
00:39:01.393051 [info ]: Finished rendering [  0.00s] (4 nodes, 0 skipped, 0 errors)
00:39:01.393056 [debug]: Started analyzing model nyc_311_raw_data.raw_service_requests
00:39:01.393171 [debug]: Finished analyzing [  0.00s] model nyc_311_raw_data.raw_service_requests [success]
00:39:01.393180 [info ]:  Succeeded [-------] model nyc_311_raw_data.raw_service_requests (table)
00:39:01.393335 [debug]: Finished analyzing [  0.00s] model nyc_311_raw_data.stg_nyc_311_requests [success]
00:39:01.393346 [info ]:  Succeeded [-------] model nyc_311_raw_data.stg_nyc_311_requests (view)
00:39:01.393782 [debug]: Finished analyzing [  0.00s] model nyc_311_raw_data.fct_nyc_311_performance [success]
00:39:01.393791 [info ]:  Succeeded [-------] model nyc_311_raw_data.fct_nyc_311_performance (table)
00:39:01.393867 [debug]: Finished analyzing [  0.00s] model nyc_311_raw_data.audit_raw_311_data [success]
00:39:01.393876 [info ]: Finished analyzing [  0.00s] (4 nodes, 0 skipped, 0 errors)
00:39:01.393881 [info ]:  Succeeded [-------] model nyc_311_raw_data.audit_raw_311_data (table)
00:39:01.396510 [info ]: Started scheduling
00:39:01.396534 [info ]: Finished scheduling [  0.00s]
00:39:01.397616 [info ]: Cached model count updated: 4 models (accurate)
00:44:33.146254 [info ]: Started loading project
00:44:33.146736 [info ]: Loading profiles.yml
00:44:33.150993 [info ]: Started parsing
00:44:33.164361 [info ]: Finished loading project [  0.02s]
00:44:33.166551 [debug]: Finished parsing models\Intermediate\fct_nyc_311_performance.sql [  0.00s]
00:44:33.167095 [info ]: Finished parsing [  0.02s]
00:44:33.168213 [info ]: Cached model count updated: 4 models (estimate)
00:44:33.168221 [info ]: Cached model count updated: 4 models (accurate)
00:44:33.168236 [info ]: Started scheduling
00:44:33.168276 [info ]: Finished scheduling [  0.00s]
00:44:33.168283 [debug]: Compilation - 3 nodes selected: {"model.nyc_311_project.fct_nyc_311_performance", "model.nyc_311_project.raw_service_requests", "model.nyc_311_project.stg_nyc_311_requests"}
00:44:33.264956 [info ]: Started building task graph
00:44:33.264995 [info ]: Finished building task graph [  0.00s]
00:44:33.265091 [info ]: Started rendering (3 nodes)
00:44:33.265101 [info ]: Started model nyc_311_raw_data.fct_nyc_311_performance
00:44:33.265109 [debug]: Started rendering model nyc_311_raw_data.fct_nyc_311_performance
00:44:33.265124 [info ]: Started model nyc_311_raw_data.stg_nyc_311_requests
00:44:33.265128 [debug]: Started rendering model nyc_311_raw_data.stg_nyc_311_requests
00:44:33.265134 [info ]: Started model nyc_311_raw_data.raw_service_requests
00:44:33.265137 [debug]: Started rendering model nyc_311_raw_data.raw_service_requests
00:44:33.265815 [debug]: Compiled SQL for node model.nyc_311_project.stg_nyc_311_requests at target\.lsp\compiled\nyc_311_project\models\Staging\stg_nyc_311_requests.sql
00:44:33.265839 [debug]: Compiled SQL for node model.nyc_311_project.raw_service_requests at target\.lsp\compiled\nyc_311_project\models\Staging\raw_service_requests.sql
00:44:33.265854 [debug]: Finished rendering [  0.00s] model nyc_311_raw_data.stg_nyc_311_requests [success]
00:44:33.265873 [info ]: Started analyzing (3 nodes)
00:44:33.265880 [debug]: Started analyzing model nyc_311_raw_data.stg_nyc_311_requests
00:44:33.265893 [debug]: Finished rendering [  0.00s] model nyc_311_raw_data.raw_service_requests [success]
00:44:33.265901 [debug]: Started analyzing model nyc_311_raw_data.raw_service_requests
00:44:33.266012 [debug]: Finished analyzing [  0.00s] model nyc_311_raw_data.raw_service_requests [success]
00:44:33.266028 [info ]:  Succeeded [-------] model nyc_311_raw_data.raw_service_requests (table)
00:44:33.266246 [debug]: Finished analyzing [  0.00s] model nyc_311_raw_data.stg_nyc_311_requests [success]
00:44:33.266258 [info ]:  Succeeded [-------] model nyc_311_raw_data.stg_nyc_311_requests (view)
00:44:33.266593 [debug]: Compiled SQL for node model.nyc_311_project.fct_nyc_311_performance at target\.lsp\compiled\nyc_311_project\models\Intermediate\fct_nyc_311_performance.sql
00:44:33.266641 [debug]: Finished rendering [  0.00s] model nyc_311_raw_data.fct_nyc_311_performance [success]
00:44:33.266652 [info ]: Finished rendering [  0.00s] (3 nodes, 0 skipped, 0 errors)
00:44:33.266661 [debug]: Started analyzing model nyc_311_raw_data.fct_nyc_311_performance
00:44:33.267268 [debug]: Finished analyzing [  0.00s] model nyc_311_raw_data.fct_nyc_311_performance [success]
00:44:33.267275 [info ]: Finished analyzing [  0.00s] (3 nodes, 0 skipped, 0 errors)
00:44:33.267280 [info ]:  Succeeded [  0.00s] model nyc_311_raw_data.fct_nyc_311_performance (table)
00:44:33.269856 [info ]: Started scheduling
00:44:33.269898 [info ]: Finished scheduling [  0.00s]
00:44:33.270690 [info ]: Cached model count updated: 4 models (accurate)
00:44:34.824986 [info ]: Started loading project
00:44:34.825427 [info ]: Loading profiles.yml
00:44:34.842398 [info ]: Cached model count updated: 4 models (estimate)
00:44:34.842411 [info ]: Cached model count updated: 4 models (accurate)
00:44:34.842431 [info ]: Started scheduling
00:44:34.842479 [info ]: Finished scheduling [  0.00s]
00:44:34.842490 [debug]: Compilation - 3 nodes selected: {"model.nyc_311_project.fct_nyc_311_performance", "model.nyc_311_project.raw_service_requests", "model.nyc_311_project.stg_nyc_311_requests"}
00:44:34.942356 [info ]: Started building task graph
00:44:34.942397 [info ]: Finished building task graph [  0.00s]
00:44:34.942497 [info ]: Started rendering (3 nodes)
00:44:34.942508 [info ]: Started model nyc_311_raw_data.fct_nyc_311_performance
00:44:34.942517 [debug]: Started rendering model nyc_311_raw_data.fct_nyc_311_performance
00:44:34.942530 [info ]: Started model nyc_311_raw_data.stg_nyc_311_requests
00:44:34.942535 [debug]: Started rendering model nyc_311_raw_data.stg_nyc_311_requests
00:44:34.942541 [info ]: Started model nyc_311_raw_data.raw_service_requests
00:44:34.942545 [debug]: Started rendering model nyc_311_raw_data.raw_service_requests
00:44:34.942560 [info ]: Finished loading project [  0.12s]
00:44:34.942841 [debug]: Compiled SQL for node model.nyc_311_project.stg_nyc_311_requests at target\.lsp\compiled\nyc_311_project\models\Staging\stg_nyc_311_requests.sql
00:44:34.942862 [debug]: Compiled SQL for node model.nyc_311_project.fct_nyc_311_performance at target\.lsp\compiled\nyc_311_project\models\Intermediate\fct_nyc_311_performance.sql
00:44:34.942864 [debug]: Compiled SQL for node model.nyc_311_project.raw_service_requests at target\.lsp\compiled\nyc_311_project\models\Staging\raw_service_requests.sql
00:44:34.942880 [debug]: Finished rendering [  0.00s] model nyc_311_raw_data.stg_nyc_311_requests [success]
00:44:34.942900 [info ]: Started analyzing (3 nodes)
00:44:34.942908 [debug]: Started analyzing model nyc_311_raw_data.stg_nyc_311_requests
00:44:34.942921 [debug]: Finished rendering [  0.00s] model nyc_311_raw_data.raw_service_requests [success]
00:44:34.942930 [debug]: Started analyzing model nyc_311_raw_data.raw_service_requests
00:44:34.942942 [debug]: Finished rendering [  0.00s] model nyc_311_raw_data.fct_nyc_311_performance [success]
00:44:34.942947 [info ]: Finished rendering [  0.00s] (3 nodes, 0 skipped, 0 errors)
00:44:34.942953 [debug]: Started analyzing model nyc_311_raw_data.fct_nyc_311_performance
00:44:34.943058 [debug]: Finished analyzing [  0.00s] model nyc_311_raw_data.raw_service_requests [success]
00:44:34.943071 [info ]:  Succeeded [-------] model nyc_311_raw_data.raw_service_requests (table)
00:44:34.943240 [debug]: Finished analyzing [  0.00s] model nyc_311_raw_data.stg_nyc_311_requests [success]
00:44:34.943250 [info ]:  Succeeded [-------] model nyc_311_raw_data.stg_nyc_311_requests (view)
00:44:34.943743 [debug]: Finished analyzing [  0.00s] model nyc_311_raw_data.fct_nyc_311_performance [success]
00:44:34.943754 [info ]: Finished analyzing [  0.00s] (3 nodes, 0 skipped, 0 errors)
00:44:34.943759 [info ]:  Succeeded [-------] model nyc_311_raw_data.fct_nyc_311_performance (table)
00:44:34.946449 [info ]: Started scheduling
00:44:34.946473 [info ]: Finished scheduling [  0.00s]
00:44:34.947584 [info ]: Cached model count updated: 4 models (accurate)
00:44:36.502378 [info ]: Started loading project
00:44:36.502977 [info ]: Loading profiles.yml
00:44:36.522040 [info ]: Cached model count updated: 4 models (estimate)
00:44:36.522049 [info ]: Cached model count updated: 4 models (accurate)
00:44:36.522064 [info ]: Started scheduling
00:44:36.522102 [info ]: Finished scheduling [  0.00s]
00:44:36.522111 [debug]: Compilation - 4 nodes selected: {"model.nyc_311_project.audit_raw_311_data", "model.nyc_311_project.fct_nyc_311_performance", "model.nyc_311_project.raw_service_requests", "model.nyc_311_project.stg_nyc_311_requests"}
00:44:36.616581 [info ]: Started building task graph
00:44:36.616623 [info ]: Finished building task graph [  0.00s]
00:44:36.616721 [info ]: Started rendering (4 nodes)
00:44:36.616732 [info ]: Started model nyc_311_raw_data.fct_nyc_311_performance
00:44:36.616741 [debug]: Started rendering model nyc_311_raw_data.fct_nyc_311_performance
00:44:36.616754 [info ]: Started model nyc_311_raw_data.stg_nyc_311_requests
00:44:36.616759 [debug]: Started rendering model nyc_311_raw_data.stg_nyc_311_requests
00:44:36.616765 [info ]: Started model nyc_311_raw_data.audit_raw_311_data
00:44:36.616769 [debug]: Started rendering model nyc_311_raw_data.audit_raw_311_data
00:44:36.616776 [info ]: Started model nyc_311_raw_data.raw_service_requests
00:44:36.616780 [debug]: Started rendering model nyc_311_raw_data.raw_service_requests
00:44:36.616782 [info ]: Finished loading project [  0.11s]
00:44:36.617092 [debug]: Compiled SQL for node model.nyc_311_project.fct_nyc_311_performance at target\.lsp\compiled\nyc_311_project\models\Intermediate\fct_nyc_311_performance.sql
00:44:36.617135 [debug]: Compiled SQL for node model.nyc_311_project.stg_nyc_311_requests at target\.lsp\compiled\nyc_311_project\models\Staging\stg_nyc_311_requests.sql
00:44:36.617137 [debug]: Finished rendering [  0.00s] model nyc_311_raw_data.fct_nyc_311_performance [success]
00:44:36.617147 [debug]: Compiled SQL for node model.nyc_311_project.raw_service_requests at target\.lsp\compiled\nyc_311_project\models\Staging\raw_service_requests.sql
00:44:36.617156 [info ]: Started analyzing (4 nodes)
00:44:36.617162 [debug]: Started analyzing model nyc_311_raw_data.fct_nyc_311_performance
00:44:36.617174 [debug]: Finished rendering [  0.00s] model nyc_311_raw_data.stg_nyc_311_requests [success]
00:44:36.617181 [debug]: Started analyzing model nyc_311_raw_data.stg_nyc_311_requests
00:44:36.617190 [debug]: Finished rendering [  0.00s] model nyc_311_raw_data.raw_service_requests [success]
00:44:36.617193 [debug]: Compiled SQL for node model.nyc_311_project.audit_raw_311_data at target\.lsp\compiled\nyc_311_project\models\Staging\audit_raw_311_data.sql
00:44:36.617196 [debug]: Started analyzing model nyc_311_raw_data.raw_service_requests
00:44:36.617223 [debug]: Finished rendering [  0.00s] model nyc_311_raw_data.audit_raw_311_data [success]
00:44:36.617235 [info ]: Finished rendering [  0.00s] (4 nodes, 0 skipped, 0 errors)
00:44:36.617245 [debug]: Started analyzing model nyc_311_raw_data.audit_raw_311_data
00:44:36.617312 [debug]: Finished analyzing [  0.00s] model nyc_311_raw_data.raw_service_requests [success]
00:44:36.617323 [info ]:  Succeeded [-------] model nyc_311_raw_data.raw_service_requests (table)
00:44:36.617455 [debug]: Finished analyzing [  0.00s] model nyc_311_raw_data.stg_nyc_311_requests [success]
00:44:36.617465 [info ]:  Succeeded [-------] model nyc_311_raw_data.stg_nyc_311_requests (view)
00:44:36.617905 [debug]: Finished analyzing [  0.00s] model nyc_311_raw_data.fct_nyc_311_performance [success]
00:44:36.617917 [info ]:  Succeeded [-------] model nyc_311_raw_data.fct_nyc_311_performance (table)
00:44:36.618046 [debug]: Finished analyzing [  0.00s] model nyc_311_raw_data.audit_raw_311_data [success]
00:44:36.618055 [info ]: Finished analyzing [  0.00s] (4 nodes, 0 skipped, 0 errors)
00:44:36.618059 [info ]:  Succeeded [-------] model nyc_311_raw_data.audit_raw_311_data (table)
00:44:36.620591 [info ]: Started scheduling
00:44:36.620614 [info ]: Finished scheduling [  0.00s]
00:44:36.621680 [info ]: Cached model count updated: 4 models (accurate)
00:45:17.659920 [info ]: Started loading project
00:45:17.660371 [info ]: Loading profiles.yml
00:45:17.664441 [info ]: Started parsing
00:45:17.677665 [info ]: Finished loading project [  0.02s]
00:45:17.679778 [debug]: Finished parsing models\Intermediate\fct_nyc_311_performance.sql [  0.00s]
00:45:17.680294 [info ]: Finished parsing [  0.02s]
00:45:17.681364 [info ]: Cached model count updated: 4 models (estimate)
00:45:17.681372 [info ]: Cached model count updated: 4 models (accurate)
00:45:17.681386 [info ]: Started scheduling
00:45:17.681429 [info ]: Finished scheduling [  0.00s]
00:45:17.681436 [debug]: Compilation - 3 nodes selected: {"model.nyc_311_project.fct_nyc_311_performance", "model.nyc_311_project.raw_service_requests", "model.nyc_311_project.stg_nyc_311_requests"}
00:45:17.777773 [info ]: Started building task graph
00:45:17.777810 [info ]: Finished building task graph [  0.00s]
00:45:17.777903 [info ]: Started rendering (3 nodes)
00:45:17.777913 [info ]: Started model nyc_311_raw_data.fct_nyc_311_performance
00:45:17.777922 [debug]: Started rendering model nyc_311_raw_data.fct_nyc_311_performance
00:45:17.777935 [info ]: Started model nyc_311_raw_data.stg_nyc_311_requests
00:45:17.777940 [debug]: Started rendering model nyc_311_raw_data.stg_nyc_311_requests
00:45:17.777945 [info ]: Started model nyc_311_raw_data.raw_service_requests
00:45:17.777949 [debug]: Started rendering model nyc_311_raw_data.raw_service_requests
00:45:17.778560 [debug]: Compiled SQL for node model.nyc_311_project.raw_service_requests at target\.lsp\compiled\nyc_311_project\models\Staging\raw_service_requests.sql
00:45:17.778559 [debug]: Compiled SQL for node model.nyc_311_project.stg_nyc_311_requests at target\.lsp\compiled\nyc_311_project\models\Staging\stg_nyc_311_requests.sql
00:45:17.778600 [debug]: Finished rendering [  0.00s] model nyc_311_raw_data.raw_service_requests [success]
00:45:17.778621 [info ]: Started analyzing (3 nodes)
00:45:17.778629 [debug]: Started analyzing model nyc_311_raw_data.raw_service_requests
00:45:17.778642 [debug]: Finished rendering [  0.00s] model nyc_311_raw_data.stg_nyc_311_requests [success]
00:45:17.778651 [debug]: Started analyzing model nyc_311_raw_data.stg_nyc_311_requests
00:45:17.778762 [debug]: Finished analyzing [  0.00s] model nyc_311_raw_data.raw_service_requests [success]
00:45:17.778773 [info ]:  Succeeded [-------] model nyc_311_raw_data.raw_service_requests (table)
00:45:17.778994 [debug]: Finished analyzing [  0.00s] model nyc_311_raw_data.stg_nyc_311_requests [success]
00:45:17.779003 [info ]:  Succeeded [-------] model nyc_311_raw_data.stg_nyc_311_requests (view)
00:45:17.779007 [debug]: Compiled SQL for node model.nyc_311_project.fct_nyc_311_performance at target\.lsp\compiled\nyc_311_project\models\Intermediate\fct_nyc_311_performance.sql
00:45:17.779048 [debug]: Finished rendering [  0.00s] model nyc_311_raw_data.fct_nyc_311_performance [success]
00:45:17.779057 [info ]: Finished rendering [  0.00s] (3 nodes, 0 skipped, 0 errors)
00:45:17.779064 [debug]: Started analyzing model nyc_311_raw_data.fct_nyc_311_performance
00:45:17.779681 [debug]: Finished analyzing [  0.00s] model nyc_311_raw_data.fct_nyc_311_performance [success]
00:45:17.779688 [info ]: Finished analyzing [  0.00s] (3 nodes, 0 skipped, 0 errors)
00:45:17.779692 [info ]:  Succeeded [  0.00s] model nyc_311_raw_data.fct_nyc_311_performance (table)
00:45:17.782283 [info ]: Started scheduling
00:45:17.782322 [info ]: Finished scheduling [  0.00s]
00:45:17.783093 [info ]: Cached model count updated: 4 models (accurate)
00:45:19.336515 [info ]: Started loading project
00:45:19.336954 [info ]: Loading profiles.yml
00:45:19.354926 [info ]: Cached model count updated: 4 models (estimate)
00:45:19.354942 [info ]: Cached model count updated: 4 models (accurate)
00:45:19.354965 [info ]: Started scheduling
00:45:19.355016 [info ]: Finished scheduling [  0.00s]
00:45:19.355028 [debug]: Compilation - 3 nodes selected: {"model.nyc_311_project.fct_nyc_311_performance", "model.nyc_311_project.raw_service_requests", "model.nyc_311_project.stg_nyc_311_requests"}
00:45:19.452842 [info ]: Started building task graph
00:45:19.452883 [info ]: Finished building task graph [  0.00s]
00:45:19.452986 [info ]: Started rendering (3 nodes)
00:45:19.452998 [info ]: Started model nyc_311_raw_data.fct_nyc_311_performance
00:45:19.453006 [debug]: Started rendering model nyc_311_raw_data.fct_nyc_311_performance
00:45:19.453019 [info ]: Started model nyc_311_raw_data.stg_nyc_311_requests
00:45:19.453024 [debug]: Started rendering model nyc_311_raw_data.stg_nyc_311_requests
00:45:19.453031 [info ]: Started model nyc_311_raw_data.raw_service_requests
00:45:19.453034 [debug]: Started rendering model nyc_311_raw_data.raw_service_requests
00:45:19.453047 [info ]: Finished loading project [  0.12s]
00:45:19.453370 [debug]: Compiled SQL for node model.nyc_311_project.fct_nyc_311_performance at target\.lsp\compiled\nyc_311_project\models\Intermediate\fct_nyc_311_performance.sql
00:45:19.453371 [debug]: Compiled SQL for node model.nyc_311_project.raw_service_requests at target\.lsp\compiled\nyc_311_project\models\Staging\raw_service_requests.sql
00:45:19.453371 [debug]: Compiled SQL for node model.nyc_311_project.stg_nyc_311_requests at target\.lsp\compiled\nyc_311_project\models\Staging\stg_nyc_311_requests.sql
00:45:19.453416 [debug]: Finished rendering [  0.00s] model nyc_311_raw_data.fct_nyc_311_performance [success]
00:45:19.453438 [info ]: Started analyzing (3 nodes)
00:45:19.453446 [debug]: Started analyzing model nyc_311_raw_data.fct_nyc_311_performance
00:45:19.453460 [debug]: Finished rendering [  0.00s] model nyc_311_raw_data.raw_service_requests [success]
00:45:19.453470 [debug]: Started analyzing model nyc_311_raw_data.raw_service_requests
00:45:19.453480 [debug]: Finished rendering [  0.00s] model nyc_311_raw_data.stg_nyc_311_requests [success]
00:45:19.453486 [info ]: Finished rendering [  0.00s] (3 nodes, 0 skipped, 0 errors)
00:45:19.453492 [debug]: Started analyzing model nyc_311_raw_data.stg_nyc_311_requests
00:45:19.453591 [debug]: Finished analyzing [  0.00s] model nyc_311_raw_data.raw_service_requests [success]
00:45:19.453602 [info ]:  Succeeded [-------] model nyc_311_raw_data.raw_service_requests (table)
00:45:19.453801 [debug]: Finished analyzing [  0.00s] model nyc_311_raw_data.stg_nyc_311_requests [success]
00:45:19.453811 [info ]:  Succeeded [-------] model nyc_311_raw_data.stg_nyc_311_requests (view)
00:45:19.454243 [debug]: Finished analyzing [  0.00s] model nyc_311_raw_data.fct_nyc_311_performance [success]
00:45:19.454254 [info ]: Finished analyzing [  0.00s] (3 nodes, 0 skipped, 0 errors)
00:45:19.454260 [info ]:  Succeeded [-------] model nyc_311_raw_data.fct_nyc_311_performance (table)
00:45:19.457033 [info ]: Started scheduling
00:45:19.457058 [info ]: Finished scheduling [  0.00s]
00:45:19.458115 [info ]: Cached model count updated: 4 models (accurate)
00:45:21.012835 [info ]: Started loading project
00:45:21.013371 [info ]: Loading profiles.yml
00:45:21.031311 [info ]: Cached model count updated: 4 models (estimate)
00:45:21.031321 [info ]: Cached model count updated: 4 models (accurate)
00:45:21.031335 [info ]: Started scheduling
00:45:21.031373 [info ]: Finished scheduling [  0.00s]
00:45:21.031383 [debug]: Compilation - 4 nodes selected: {"model.nyc_311_project.audit_raw_311_data", "model.nyc_311_project.fct_nyc_311_performance", "model.nyc_311_project.raw_service_requests", "model.nyc_311_project.stg_nyc_311_requests"}
00:45:21.127609 [info ]: Started building task graph
00:45:21.127651 [info ]: Finished building task graph [  0.00s]
00:45:21.127748 [info ]: Started rendering (4 nodes)
00:45:21.127759 [info ]: Started model nyc_311_raw_data.fct_nyc_311_performance
00:45:21.127767 [debug]: Started rendering model nyc_311_raw_data.fct_nyc_311_performance
00:45:21.127781 [info ]: Started model nyc_311_raw_data.stg_nyc_311_requests
00:45:21.127786 [debug]: Started rendering model nyc_311_raw_data.stg_nyc_311_requests
00:45:21.127792 [info ]: Started model nyc_311_raw_data.audit_raw_311_data
00:45:21.127796 [debug]: Started rendering model nyc_311_raw_data.audit_raw_311_data
00:45:21.127803 [info ]: Started model nyc_311_raw_data.raw_service_requests
00:45:21.127807 [debug]: Started rendering model nyc_311_raw_data.raw_service_requests
00:45:21.127806 [info ]: Finished loading project [  0.11s]
00:45:21.128114 [debug]: Compiled SQL for node model.nyc_311_project.fct_nyc_311_performance at target\.lsp\compiled\nyc_311_project\models\Intermediate\fct_nyc_311_performance.sql
00:45:21.128150 [debug]: Compiled SQL for node model.nyc_311_project.stg_nyc_311_requests at target\.lsp\compiled\nyc_311_project\models\Staging\stg_nyc_311_requests.sql
00:45:21.128156 [debug]: Finished rendering [  0.00s] model nyc_311_raw_data.fct_nyc_311_performance [success]
00:45:21.128166 [debug]: Compiled SQL for node model.nyc_311_project.audit_raw_311_data at target\.lsp\compiled\nyc_311_project\models\Staging\audit_raw_311_data.sql
00:45:21.128175 [info ]: Started analyzing (4 nodes)
00:45:21.128182 [debug]: Started analyzing model nyc_311_raw_data.fct_nyc_311_performance
00:45:21.128194 [debug]: Finished rendering [  0.00s] model nyc_311_raw_data.stg_nyc_311_requests [success]
00:45:21.128202 [debug]: Started analyzing model nyc_311_raw_data.stg_nyc_311_requests
00:45:21.128210 [debug]: Finished rendering [  0.00s] model nyc_311_raw_data.audit_raw_311_data [success]
00:45:21.128216 [debug]: Started analyzing model nyc_311_raw_data.audit_raw_311_data
00:45:21.128260 [debug]: Compiled SQL for node model.nyc_311_project.raw_service_requests at target\.lsp\compiled\nyc_311_project\models\Staging\raw_service_requests.sql
00:45:21.128290 [debug]: Finished rendering [  0.00s] model nyc_311_raw_data.raw_service_requests [success]
00:45:21.128302 [info ]: Finished rendering [  0.00s] (4 nodes, 0 skipped, 0 errors)
00:45:21.128313 [debug]: Started analyzing model nyc_311_raw_data.raw_service_requests
00:45:21.128407 [debug]: Finished analyzing [  0.00s] model nyc_311_raw_data.raw_service_requests [success]
00:45:21.128414 [info ]:  Succeeded [-------] model nyc_311_raw_data.raw_service_requests (table)
00:45:21.128503 [debug]: Finished analyzing [  0.00s] model nyc_311_raw_data.stg_nyc_311_requests [success]
00:45:21.128513 [info ]:  Succeeded [-------] model nyc_311_raw_data.stg_nyc_311_requests (view)
00:45:21.128854 [debug]: Finished analyzing [  0.00s] model nyc_311_raw_data.fct_nyc_311_performance [success]
00:45:21.128864 [info ]:  Succeeded [-------] model nyc_311_raw_data.fct_nyc_311_performance (table)
00:45:21.128925 [debug]: Finished analyzing [  0.00s] model nyc_311_raw_data.audit_raw_311_data [success]
00:45:21.128933 [info ]: Finished analyzing [  0.00s] (4 nodes, 0 skipped, 0 errors)
00:45:21.128937 [info ]:  Succeeded [-------] model nyc_311_raw_data.audit_raw_311_data (table)
00:45:21.131512 [info ]: Started scheduling
00:45:21.131535 [info ]: Finished scheduling [  0.00s]
00:45:21.132568 [info ]: Cached model count updated: 4 models (accurate)
00:46:30.342758 [info ]: Started loading project
00:46:30.343235 [info ]: Loading profiles.yml
00:46:30.347275 [info ]: Started parsing
00:46:30.360425 [info ]: Finished loading project [  0.02s]
00:46:30.362525 [debug]: Finished parsing models\Intermediate\fct_nyc_311_performance.sql [  0.00s]
00:46:30.363024 [info ]: Finished parsing [  0.02s]
00:46:30.364052 [info ]: Cached model count updated: 4 models (estimate)
00:46:30.364059 [info ]: Cached model count updated: 4 models (accurate)
00:46:30.364073 [info ]: Started scheduling
00:46:30.364114 [info ]: Finished scheduling [  0.00s]
00:46:30.364121 [debug]: Compilation - 3 nodes selected: {"model.nyc_311_project.fct_nyc_311_performance", "model.nyc_311_project.raw_service_requests", "model.nyc_311_project.stg_nyc_311_requests"}
00:46:30.460642 [info ]: Started building task graph
00:46:30.460682 [info ]: Finished building task graph [  0.00s]
00:46:30.460779 [info ]: Started rendering (3 nodes)
00:46:30.460790 [info ]: Started model nyc_311_raw_data.fct_nyc_311_performance
00:46:30.460799 [debug]: Started rendering model nyc_311_raw_data.fct_nyc_311_performance
00:46:30.460814 [info ]: Started model nyc_311_raw_data.stg_nyc_311_requests
00:46:30.460819 [debug]: Started rendering model nyc_311_raw_data.stg_nyc_311_requests
00:46:30.460825 [info ]: Started model nyc_311_raw_data.raw_service_requests
00:46:30.460829 [debug]: Started rendering model nyc_311_raw_data.raw_service_requests
00:46:30.461256 [debug]: Compiled SQL for node model.nyc_311_project.stg_nyc_311_requests at target\.lsp\compiled\nyc_311_project\models\Staging\stg_nyc_311_requests.sql
00:46:30.461281 [debug]: Compiled SQL for node model.nyc_311_project.raw_service_requests at target\.lsp\compiled\nyc_311_project\models\Staging\raw_service_requests.sql
00:46:30.461294 [debug]: Finished rendering [  0.00s] model nyc_311_raw_data.stg_nyc_311_requests [success]
00:46:30.461306 [info ]: Started analyzing (3 nodes)
00:46:30.461311 [debug]: Started analyzing model nyc_311_raw_data.stg_nyc_311_requests
00:46:30.461319 [debug]: Finished rendering [  0.00s] model nyc_311_raw_data.raw_service_requests [success]
00:46:30.461324 [debug]: Started analyzing model nyc_311_raw_data.raw_service_requests
00:46:30.461431 [debug]: Finished analyzing [  0.00s] model nyc_311_raw_data.raw_service_requests [success]
00:46:30.461438 [info ]:  Succeeded [-------] model nyc_311_raw_data.raw_service_requests (table)
00:46:30.461667 [debug]: Finished analyzing [  0.00s] model nyc_311_raw_data.stg_nyc_311_requests [success]
00:46:30.461679 [info ]:  Succeeded [-------] model nyc_311_raw_data.stg_nyc_311_requests (view)
00:46:30.461994 [debug]: Compiled SQL for node model.nyc_311_project.fct_nyc_311_performance at target\.lsp\compiled\nyc_311_project\models\Intermediate\fct_nyc_311_performance.sql
00:46:30.462030 [debug]: Finished rendering [  0.00s] model nyc_311_raw_data.fct_nyc_311_performance [success]
00:46:30.462038 [info ]: Finished rendering [  0.00s] (3 nodes, 0 skipped, 0 errors)
00:46:30.462045 [debug]: Started analyzing model nyc_311_raw_data.fct_nyc_311_performance
00:46:30.462595 [debug]: Finished analyzing [  0.00s] model nyc_311_raw_data.fct_nyc_311_performance [success]
00:46:30.462602 [info ]: Finished analyzing [  0.00s] (3 nodes, 0 skipped, 0 errors)
00:46:30.462606 [info ]:  Succeeded [  0.00s] model nyc_311_raw_data.fct_nyc_311_performance (table)
00:46:30.465283 [info ]: Started scheduling
00:46:30.465324 [info ]: Finished scheduling [  0.00s]
00:46:30.466086 [info ]: Cached model count updated: 4 models (accurate)
00:46:32.022731 [info ]: Started loading project
00:46:32.023164 [info ]: Loading profiles.yml
00:46:32.041052 [info ]: Cached model count updated: 4 models (estimate)
00:46:32.041068 [info ]: Cached model count updated: 4 models (accurate)
00:46:32.041091 [info ]: Started scheduling
00:46:32.041148 [info ]: Finished scheduling [  0.00s]
00:46:32.041159 [debug]: Compilation - 3 nodes selected: {"model.nyc_311_project.fct_nyc_311_performance", "model.nyc_311_project.raw_service_requests", "model.nyc_311_project.stg_nyc_311_requests"}
00:46:32.141469 [info ]: Started building task graph
00:46:32.141511 [info ]: Finished building task graph [  0.00s]
00:46:32.141611 [info ]: Started rendering (3 nodes)
00:46:32.141623 [info ]: Started model nyc_311_raw_data.fct_nyc_311_performance
00:46:32.141631 [debug]: Started rendering model nyc_311_raw_data.fct_nyc_311_performance
00:46:32.141645 [info ]: Started model nyc_311_raw_data.stg_nyc_311_requests
00:46:32.141650 [debug]: Started rendering model nyc_311_raw_data.stg_nyc_311_requests
00:46:32.141658 [info ]: Started model nyc_311_raw_data.raw_service_requests
00:46:32.141662 [debug]: Started rendering model nyc_311_raw_data.raw_service_requests
00:46:32.141675 [info ]: Finished loading project [  0.12s]
00:46:32.141987 [debug]: Compiled SQL for node model.nyc_311_project.stg_nyc_311_requests at target\.lsp\compiled\nyc_311_project\models\Staging\stg_nyc_311_requests.sql
00:46:32.141992 [debug]: Compiled SQL for node model.nyc_311_project.raw_service_requests at target\.lsp\compiled\nyc_311_project\models\Staging\raw_service_requests.sql
00:46:32.142033 [debug]: Finished rendering [  0.00s] model nyc_311_raw_data.stg_nyc_311_requests [success]
00:46:32.142053 [info ]: Started analyzing (3 nodes)
00:46:32.142061 [debug]: Started analyzing model nyc_311_raw_data.stg_nyc_311_requests
00:46:32.142075 [debug]: Finished rendering [  0.00s] model nyc_311_raw_data.raw_service_requests [success]
00:46:32.142084 [debug]: Started analyzing model nyc_311_raw_data.raw_service_requests
00:46:32.142148 [debug]: Compiled SQL for node model.nyc_311_project.fct_nyc_311_performance at target\.lsp\compiled\nyc_311_project\models\Intermediate\fct_nyc_311_performance.sql
00:46:32.142180 [debug]: Finished rendering [  0.00s] model nyc_311_raw_data.fct_nyc_311_performance [success]
00:46:32.142189 [info ]: Finished rendering [  0.00s] (3 nodes, 0 skipped, 0 errors)
00:46:32.142200 [debug]: Started analyzing model nyc_311_raw_data.fct_nyc_311_performance
00:46:32.142220 [debug]: Finished analyzing [  0.00s] model nyc_311_raw_data.raw_service_requests [success]
00:46:32.142230 [info ]:  Succeeded [-------] model nyc_311_raw_data.raw_service_requests (table)
00:46:32.142415 [debug]: Finished analyzing [  0.00s] model nyc_311_raw_data.stg_nyc_311_requests [success]
00:46:32.142425 [info ]:  Succeeded [-------] model nyc_311_raw_data.stg_nyc_311_requests (view)
00:46:32.142905 [debug]: Finished analyzing [  0.00s] model nyc_311_raw_data.fct_nyc_311_performance [success]
00:46:32.142915 [info ]: Finished analyzing [  0.00s] (3 nodes, 0 skipped, 0 errors)
00:46:32.142921 [info ]:  Succeeded [-------] model nyc_311_raw_data.fct_nyc_311_performance (table)
00:46:32.145756 [info ]: Started scheduling
00:46:32.145781 [info ]: Finished scheduling [  0.00s]
00:46:32.146852 [info ]: Cached model count updated: 4 models (accurate)
00:46:33.695389 [info ]: Started loading project
00:46:33.695935 [info ]: Loading profiles.yml
00:46:33.714806 [info ]: Cached model count updated: 4 models (estimate)
00:46:33.714816 [info ]: Cached model count updated: 4 models (accurate)
00:46:33.714831 [info ]: Started scheduling
00:46:33.714868 [info ]: Finished scheduling [  0.00s]
00:46:33.714878 [debug]: Compilation - 4 nodes selected: {"model.nyc_311_project.audit_raw_311_data", "model.nyc_311_project.fct_nyc_311_performance", "model.nyc_311_project.raw_service_requests", "model.nyc_311_project.stg_nyc_311_requests"}
00:46:33.811019 [info ]: Started building task graph
00:46:33.811060 [info ]: Finished building task graph [  0.00s]
00:46:33.811152 [info ]: Started rendering (4 nodes)
00:46:33.811163 [info ]: Started model nyc_311_raw_data.fct_nyc_311_performance
00:46:33.811171 [debug]: Started rendering model nyc_311_raw_data.fct_nyc_311_performance
00:46:33.811184 [info ]: Started model nyc_311_raw_data.stg_nyc_311_requests
00:46:33.811189 [debug]: Started rendering model nyc_311_raw_data.stg_nyc_311_requests
00:46:33.811194 [info ]: Started model nyc_311_raw_data.audit_raw_311_data
00:46:33.811199 [debug]: Started rendering model nyc_311_raw_data.audit_raw_311_data
00:46:33.811205 [info ]: Started model nyc_311_raw_data.raw_service_requests
00:46:33.811210 [debug]: Started rendering model nyc_311_raw_data.raw_service_requests
00:46:33.811210 [info ]: Finished loading project [  0.12s]
00:46:33.811530 [debug]: Compiled SQL for node model.nyc_311_project.fct_nyc_311_performance at target\.lsp\compiled\nyc_311_project\models\Intermediate\fct_nyc_311_performance.sql
00:46:33.811568 [debug]: Compiled SQL for node model.nyc_311_project.stg_nyc_311_requests at target\.lsp\compiled\nyc_311_project\models\Staging\stg_nyc_311_requests.sql
00:46:33.811573 [debug]: Finished rendering [  0.00s] model nyc_311_raw_data.fct_nyc_311_performance [success]
00:46:33.811582 [debug]: Compiled SQL for node model.nyc_311_project.audit_raw_311_data at target\.lsp\compiled\nyc_311_project\models\Staging\audit_raw_311_data.sql
00:46:33.811592 [info ]: Started analyzing (4 nodes)
00:46:33.811599 [debug]: Started analyzing model nyc_311_raw_data.fct_nyc_311_performance
00:46:33.811611 [debug]: Finished rendering [  0.00s] model nyc_311_raw_data.stg_nyc_311_requests [success]
00:46:33.811620 [debug]: Started analyzing model nyc_311_raw_data.stg_nyc_311_requests
00:46:33.811629 [debug]: Finished rendering [  0.00s] model nyc_311_raw_data.audit_raw_311_data [success]
00:46:33.811629 [debug]: Compiled SQL for node model.nyc_311_project.raw_service_requests at target\.lsp\compiled\nyc_311_project\models\Staging\raw_service_requests.sql
00:46:33.811635 [debug]: Started analyzing model nyc_311_raw_data.audit_raw_311_data
00:46:33.811649 [debug]: Finished rendering [  0.00s] model nyc_311_raw_data.raw_service_requests [success]
00:46:33.811654 [info ]: Finished rendering [  0.00s] (4 nodes, 0 skipped, 0 errors)
00:46:33.811660 [debug]: Started analyzing model nyc_311_raw_data.raw_service_requests
00:46:33.811792 [debug]: Finished analyzing [  0.00s] model nyc_311_raw_data.raw_service_requests [success]
00:46:33.811800 [info ]:  Succeeded [-------] model nyc_311_raw_data.raw_service_requests (table)
00:46:33.811965 [debug]: Finished analyzing [  0.00s] model nyc_311_raw_data.stg_nyc_311_requests [success]
00:46:33.811976 [info ]:  Succeeded [-------] model nyc_311_raw_data.stg_nyc_311_requests (view)
00:46:33.812515 [debug]: Finished analyzing [  0.00s] model nyc_311_raw_data.fct_nyc_311_performance [success]
00:46:33.812528 [info ]:  Succeeded [-------] model nyc_311_raw_data.fct_nyc_311_performance (table)
00:46:33.812628 [debug]: Finished analyzing [  0.00s] model nyc_311_raw_data.audit_raw_311_data [success]
00:46:33.812637 [info ]: Finished analyzing [  0.00s] (4 nodes, 0 skipped, 0 errors)
00:46:33.812641 [info ]:  Succeeded [-------] model nyc_311_raw_data.audit_raw_311_data (table)
00:46:33.815210 [info ]: Started scheduling
00:46:33.815232 [info ]: Finished scheduling [  0.00s]
00:46:33.816292 [info ]: Cached model count updated: 4 models (accurate)
00:55:52.392758 [info ]: Started loading project
00:55:52.393243 [info ]: Loading profiles.yml
00:55:52.397442 [info ]: Started parsing
00:55:52.410886 [info ]: Finished loading project [  0.02s]
00:55:52.413116 [debug]: Finished parsing models\Intermediate\fct_nyc_311_performance.sql [  0.00s]
00:55:52.413632 [info ]: Finished parsing [  0.02s]
00:55:52.414737 [info ]: Cached model count updated: 4 models (estimate)
00:55:52.414745 [info ]: Cached model count updated: 4 models (accurate)
00:55:52.414761 [info ]: Started scheduling
00:55:52.414809 [info ]: Finished scheduling [  0.00s]
00:55:52.414817 [debug]: Compilation - 3 nodes selected: {"model.nyc_311_project.fct_nyc_311_performance", "model.nyc_311_project.raw_service_requests", "model.nyc_311_project.stg_nyc_311_requests"}
00:55:52.510440 [info ]: Started building task graph
00:55:52.510484 [info ]: Finished building task graph [  0.00s]
00:55:52.510628 [info ]: Started rendering (3 nodes)
00:55:52.510640 [info ]: Started model nyc_311_raw_data.fct_nyc_311_performance
00:55:52.510649 [debug]: Started rendering model nyc_311_raw_data.fct_nyc_311_performance
00:55:52.510663 [info ]: Started model nyc_311_raw_data.stg_nyc_311_requests
00:55:52.510667 [debug]: Started rendering model nyc_311_raw_data.stg_nyc_311_requests
00:55:52.510674 [info ]: Started model nyc_311_raw_data.raw_service_requests
00:55:52.510678 [debug]: Started rendering model nyc_311_raw_data.raw_service_requests
00:55:52.511082 [debug]: Compiled SQL for node model.nyc_311_project.stg_nyc_311_requests at target\.lsp\compiled\nyc_311_project\models\Staging\stg_nyc_311_requests.sql
00:55:52.511108 [debug]: Compiled SQL for node model.nyc_311_project.raw_service_requests at target\.lsp\compiled\nyc_311_project\models\Staging\raw_service_requests.sql
00:55:52.511131 [debug]: Finished rendering [  0.00s] model nyc_311_raw_data.stg_nyc_311_requests [success]
00:55:52.511151 [info ]: Started analyzing (3 nodes)
00:55:52.511158 [debug]: Started analyzing model nyc_311_raw_data.stg_nyc_311_requests
00:55:52.511171 [debug]: Finished rendering [  0.00s] model nyc_311_raw_data.raw_service_requests [success]
00:55:52.511178 [debug]: Started analyzing model nyc_311_raw_data.raw_service_requests
00:55:52.511297 [debug]: Finished analyzing [  0.00s] model nyc_311_raw_data.raw_service_requests [success]
00:55:52.511306 [info ]:  Succeeded [-------] model nyc_311_raw_data.raw_service_requests (table)
00:55:52.511528 [debug]: Finished analyzing [  0.00s] model nyc_311_raw_data.stg_nyc_311_requests [success]
00:55:52.511541 [info ]:  Succeeded [-------] model nyc_311_raw_data.stg_nyc_311_requests (view)
00:55:52.511870 [debug]: Compiled SQL for node model.nyc_311_project.fct_nyc_311_performance at target\.lsp\compiled\nyc_311_project\models\Intermediate\fct_nyc_311_performance.sql
00:55:52.511916 [debug]: Finished rendering [  0.00s] model nyc_311_raw_data.fct_nyc_311_performance [success]
00:55:52.511925 [info ]: Finished rendering [  0.00s] (3 nodes, 0 skipped, 0 errors)
00:55:52.511934 [debug]: Started analyzing model nyc_311_raw_data.fct_nyc_311_performance
00:55:52.513234 [warn ]: dbt0101: mismatched input 'EXTRACT' expecting one of <EOF>, ';'
  --> models\Intermediate\fct_nyc_311_performance.sql:17:5 (target\.lsp\compiled\models\Intermediate\fct_nyc_311_performance.sql:17:5)
00:55:52.513267 [info ]:  Succeeded [  0.00s] model nyc_311_raw_data.fct_nyc_311_performance (table)
00:55:52.513279 [debug]: Finished analyzing [  0.00s] model nyc_311_raw_data.fct_nyc_311_performance [success]
00:55:52.513286 [info ]: Finished analyzing [  0.00s] (3 nodes, 0 skipped, 0 errors)
00:55:52.516056 [info ]: Started scheduling
00:55:52.516104 [info ]: Finished scheduling [  0.00s]
00:55:52.516950 [info ]: Cached model count updated: 4 models (accurate)
00:55:54.056658 [info ]: Started loading project
00:55:54.057158 [info ]: Loading profiles.yml
00:55:54.073371 [info ]: Cached model count updated: 4 models (estimate)
00:55:54.073383 [info ]: Cached model count updated: 4 models (accurate)
00:55:54.073402 [info ]: Started scheduling
00:55:54.073450 [info ]: Finished scheduling [  0.00s]
00:55:54.073461 [debug]: Compilation - 3 nodes selected: {"model.nyc_311_project.fct_nyc_311_performance", "model.nyc_311_project.raw_service_requests", "model.nyc_311_project.stg_nyc_311_requests"}
00:55:54.171603 [info ]: Started building task graph
00:55:54.171644 [info ]: Finished building task graph [  0.00s]
00:55:54.171746 [info ]: Started rendering (3 nodes)
00:55:54.171757 [info ]: Started model nyc_311_raw_data.fct_nyc_311_performance
00:55:54.171765 [debug]: Started rendering model nyc_311_raw_data.fct_nyc_311_performance
00:55:54.171779 [info ]: Started model nyc_311_raw_data.stg_nyc_311_requests
00:55:54.171783 [debug]: Started rendering model nyc_311_raw_data.stg_nyc_311_requests
00:55:54.171790 [info ]: Started model nyc_311_raw_data.raw_service_requests
00:55:54.171793 [debug]: Started rendering model nyc_311_raw_data.raw_service_requests
00:55:54.171808 [info ]: Finished loading project [  0.12s]
00:55:54.172141 [debug]: Compiled SQL for node model.nyc_311_project.fct_nyc_311_performance at target\.lsp\compiled\nyc_311_project\models\Intermediate\fct_nyc_311_performance.sql
00:55:54.172141 [debug]: Compiled SQL for node model.nyc_311_project.stg_nyc_311_requests at target\.lsp\compiled\nyc_311_project\models\Staging\stg_nyc_311_requests.sql
00:55:54.172141 [debug]: Compiled SQL for node model.nyc_311_project.raw_service_requests at target\.lsp\compiled\nyc_311_project\models\Staging\raw_service_requests.sql
00:55:54.172186 [debug]: Finished rendering [  0.00s] model nyc_311_raw_data.fct_nyc_311_performance [success]
00:55:54.172207 [info ]: Started analyzing (3 nodes)
00:55:54.172214 [debug]: Started analyzing model nyc_311_raw_data.fct_nyc_311_performance
00:55:54.172228 [debug]: Finished rendering [  0.00s] model nyc_311_raw_data.stg_nyc_311_requests [success]
00:55:54.172236 [debug]: Started analyzing model nyc_311_raw_data.stg_nyc_311_requests
00:55:54.172246 [debug]: Finished rendering [  0.00s] model nyc_311_raw_data.raw_service_requests [success]
00:55:54.172251 [info ]: Finished rendering [  0.00s] (3 nodes, 0 skipped, 0 errors)
00:55:54.172257 [debug]: Started analyzing model nyc_311_raw_data.raw_service_requests
00:55:54.172367 [debug]: Finished analyzing [  0.00s] model nyc_311_raw_data.raw_service_requests [success]
00:55:54.172375 [info ]:  Succeeded [-------] model nyc_311_raw_data.raw_service_requests (table)
00:55:54.172542 [debug]: Finished analyzing [  0.00s] model nyc_311_raw_data.stg_nyc_311_requests [success]
00:55:54.172554 [info ]:  Succeeded [-------] model nyc_311_raw_data.stg_nyc_311_requests (view)
00:55:54.173191 [warn ]: dbt0101: mismatched input 'EXTRACT' expecting one of <EOF>, ';'
  --> models\Intermediate\fct_nyc_311_performance.sql:17:5 (target\.lsp\compiled\models\Intermediate\fct_nyc_311_performance.sql:17:5)
00:55:54.173223 [info ]:  Succeeded [  0.00s] model nyc_311_raw_data.fct_nyc_311_performance (table)
00:55:54.173233 [debug]: Finished analyzing [  0.00s] model nyc_311_raw_data.fct_nyc_311_performance [success]
00:55:54.173240 [info ]: Finished analyzing [  0.00s] (3 nodes, 0 skipped, 0 errors)
00:55:54.176003 [info ]: Started scheduling
00:55:54.176026 [info ]: Finished scheduling [  0.00s]
00:55:54.177139 [info ]: Cached model count updated: 4 models (accurate)
00:55:55.739679 [info ]: Started loading project
00:55:55.740212 [info ]: Loading profiles.yml
00:55:55.758142 [info ]: Cached model count updated: 4 models (estimate)
00:55:55.758150 [info ]: Cached model count updated: 4 models (accurate)
00:55:55.758164 [info ]: Started scheduling
00:55:55.758200 [info ]: Finished scheduling [  0.00s]
00:55:55.758209 [debug]: Compilation - 4 nodes selected: {"model.nyc_311_project.audit_raw_311_data", "model.nyc_311_project.fct_nyc_311_performance", "model.nyc_311_project.raw_service_requests", "model.nyc_311_project.stg_nyc_311_requests"}
00:55:55.851584 [info ]: Started building task graph
00:55:55.851627 [info ]: Finished building task graph [  0.00s]
00:55:55.851717 [info ]: Started rendering (4 nodes)
00:55:55.851727 [info ]: Started model nyc_311_raw_data.fct_nyc_311_performance
00:55:55.851736 [debug]: Started rendering model nyc_311_raw_data.fct_nyc_311_performance
00:55:55.851749 [info ]: Started model nyc_311_raw_data.stg_nyc_311_requests
00:55:55.851753 [debug]: Started rendering model nyc_311_raw_data.stg_nyc_311_requests
00:55:55.851759 [info ]: Started model nyc_311_raw_data.audit_raw_311_data
00:55:55.851762 [debug]: Started rendering model nyc_311_raw_data.audit_raw_311_data
00:55:55.851768 [info ]: Started model nyc_311_raw_data.raw_service_requests
00:55:55.851771 [debug]: Started rendering model nyc_311_raw_data.raw_service_requests
00:55:55.851775 [info ]: Finished loading project [  0.11s]
00:55:55.852075 [debug]: Compiled SQL for node model.nyc_311_project.fct_nyc_311_performance at target\.lsp\compiled\nyc_311_project\models\Intermediate\fct_nyc_311_performance.sql
00:55:55.852113 [debug]: Compiled SQL for node model.nyc_311_project.raw_service_requests at target\.lsp\compiled\nyc_311_project\models\Staging\raw_service_requests.sql
00:55:55.852121 [debug]: Finished rendering [  0.00s] model nyc_311_raw_data.fct_nyc_311_performance [success]
00:55:55.852127 [debug]: Compiled SQL for node model.nyc_311_project.stg_nyc_311_requests at target\.lsp\compiled\nyc_311_project\models\Staging\stg_nyc_311_requests.sql
00:55:55.852138 [info ]: Started analyzing (4 nodes)
00:55:55.852145 [debug]: Started analyzing model nyc_311_raw_data.fct_nyc_311_performance
00:55:55.852157 [debug]: Finished rendering [  0.00s] model nyc_311_raw_data.raw_service_requests [success]
00:55:55.852164 [debug]: Started analyzing model nyc_311_raw_data.raw_service_requests
00:55:55.852174 [debug]: Finished rendering [  0.00s] model nyc_311_raw_data.stg_nyc_311_requests [success]
00:55:55.852181 [debug]: Started analyzing model nyc_311_raw_data.stg_nyc_311_requests
00:55:55.852182 [debug]: Compiled SQL for node model.nyc_311_project.audit_raw_311_data at target\.lsp\compiled\nyc_311_project\models\Staging\audit_raw_311_data.sql
00:55:55.852218 [debug]: Finished rendering [  0.00s] model nyc_311_raw_data.audit_raw_311_data [success]
00:55:55.852230 [info ]: Finished rendering [  0.00s] (4 nodes, 0 skipped, 0 errors)
00:55:55.852240 [debug]: Started analyzing model nyc_311_raw_data.audit_raw_311_data
00:55:55.852284 [debug]: Finished analyzing [  0.00s] model nyc_311_raw_data.raw_service_requests [success]
00:55:55.852295 [info ]:  Succeeded [-------] model nyc_311_raw_data.raw_service_requests (table)
00:55:55.852485 [debug]: Finished analyzing [  0.00s] model nyc_311_raw_data.stg_nyc_311_requests [success]
00:55:55.852494 [info ]:  Succeeded [-------] model nyc_311_raw_data.stg_nyc_311_requests (view)
00:55:55.852957 [debug]: Finished analyzing [  0.00s] model nyc_311_raw_data.audit_raw_311_data [success]
00:55:55.852966 [info ]:  Succeeded [-------] model nyc_311_raw_data.audit_raw_311_data (table)
00:55:55.853177 [warn ]: dbt0101: mismatched input 'EXTRACT' expecting one of <EOF>, ';'
  --> models\Intermediate\fct_nyc_311_performance.sql:17:5 (target\.lsp\compiled\models\Intermediate\fct_nyc_311_performance.sql:17:5)
00:55:55.853208 [info ]:  Succeeded [  0.00s] model nyc_311_raw_data.fct_nyc_311_performance (table)
00:55:55.853219 [debug]: Finished analyzing [  0.00s] model nyc_311_raw_data.fct_nyc_311_performance [success]
00:55:55.853226 [info ]: Finished analyzing [  0.00s] (4 nodes, 0 skipped, 0 errors)
00:55:55.855836 [info ]: Started scheduling
00:55:55.855859 [info ]: Finished scheduling [  0.00s]
00:55:55.856921 [info ]: Cached model count updated: 4 models (accurate)
00:58:37.833537 [info ]: Started loading project
00:58:37.834019 [info ]: Loading profiles.yml
00:58:37.838288 [info ]: Started parsing
00:58:37.851581 [info ]: Finished loading project [  0.02s]
00:58:37.853744 [debug]: Finished parsing models\Intermediate\fct_nyc_311_performance.sql [  0.00s]
00:58:37.854400 [info ]: Finished parsing [  0.02s]
00:58:37.855601 [info ]: Cached model count updated: 4 models (estimate)
00:58:37.855609 [info ]: Cached model count updated: 4 models (accurate)
00:58:37.855624 [info ]: Started scheduling
00:58:37.855666 [info ]: Finished scheduling [  0.00s]
00:58:37.855674 [debug]: Compilation - 3 nodes selected: {"model.nyc_311_project.fct_nyc_311_performance", "model.nyc_311_project.raw_service_requests", "model.nyc_311_project.stg_nyc_311_requests"}
00:58:37.951590 [info ]: Started building task graph
00:58:37.951629 [info ]: Finished building task graph [  0.00s]
00:58:37.951723 [info ]: Started rendering (3 nodes)
00:58:37.951734 [info ]: Started model nyc_311_raw_data.fct_nyc_311_performance
00:58:37.951743 [debug]: Started rendering model nyc_311_raw_data.fct_nyc_311_performance
00:58:37.951756 [info ]: Started model nyc_311_raw_data.stg_nyc_311_requests
00:58:37.951761 [debug]: Started rendering model nyc_311_raw_data.stg_nyc_311_requests
00:58:37.951766 [info ]: Started model nyc_311_raw_data.raw_service_requests
00:58:37.951770 [debug]: Started rendering model nyc_311_raw_data.raw_service_requests
00:58:37.952185 [debug]: Compiled SQL for node model.nyc_311_project.stg_nyc_311_requests at target\.lsp\compiled\nyc_311_project\models\Staging\stg_nyc_311_requests.sql
00:58:37.952188 [debug]: Compiled SQL for node model.nyc_311_project.raw_service_requests at target\.lsp\compiled\nyc_311_project\models\Staging\raw_service_requests.sql
00:58:37.952322 [debug]: Finished rendering [  0.00s] model nyc_311_raw_data.stg_nyc_311_requests [success]
00:58:37.952343 [info ]: Started analyzing (3 nodes)
00:58:37.952351 [debug]: Started analyzing model nyc_311_raw_data.stg_nyc_311_requests
00:58:37.952363 [debug]: Finished rendering [  0.00s] model nyc_311_raw_data.raw_service_requests [success]
00:58:37.952371 [debug]: Started analyzing model nyc_311_raw_data.raw_service_requests
00:58:37.952494 [debug]: Finished analyzing [  0.00s] model nyc_311_raw_data.raw_service_requests [success]
00:58:37.952503 [info ]:  Succeeded [-------] model nyc_311_raw_data.raw_service_requests (table)
00:58:37.952736 [debug]: Finished analyzing [  0.00s] model nyc_311_raw_data.stg_nyc_311_requests [success]
00:58:37.952748 [info ]:  Succeeded [-------] model nyc_311_raw_data.stg_nyc_311_requests (view)
00:58:37.952943 [debug]: Compiled SQL for node model.nyc_311_project.fct_nyc_311_performance at target\.lsp\compiled\nyc_311_project\models\Intermediate\fct_nyc_311_performance.sql
00:58:37.952985 [debug]: Finished rendering [  0.00s] model nyc_311_raw_data.fct_nyc_311_performance [success]
00:58:37.952993 [info ]: Finished rendering [  0.00s] (3 nodes, 0 skipped, 0 errors)
00:58:37.953002 [debug]: Started analyzing model nyc_311_raw_data.fct_nyc_311_performance
00:58:37.958369 [debug]: Finished analyzing [  0.01s] model nyc_311_raw_data.fct_nyc_311_performance [success]
00:58:37.958391 [info ]: Finished analyzing [  0.01s] (3 nodes, 0 skipped, 0 errors)
00:58:37.958400 [info ]:  Succeeded [  0.01s] model nyc_311_raw_data.fct_nyc_311_performance (table)
00:58:37.961492 [info ]: Started scheduling
00:58:37.961545 [info ]: Finished scheduling [  0.00s]
00:58:37.962423 [info ]: Cached model count updated: 4 models (accurate)
00:58:39.511923 [info ]: Started loading project
00:58:39.512358 [info ]: Loading profiles.yml
00:58:39.530102 [info ]: Cached model count updated: 4 models (estimate)
00:58:39.530117 [info ]: Cached model count updated: 4 models (accurate)
00:58:39.530139 [info ]: Started scheduling
00:58:39.530191 [info ]: Finished scheduling [  0.00s]
00:58:39.530202 [debug]: Compilation - 3 nodes selected: {"model.nyc_311_project.fct_nyc_311_performance", "model.nyc_311_project.raw_service_requests", "model.nyc_311_project.stg_nyc_311_requests"}
00:58:39.628943 [info ]: Started building task graph
00:58:39.628983 [info ]: Finished building task graph [  0.00s]
00:58:39.629081 [info ]: Started rendering (3 nodes)
00:58:39.629091 [info ]: Started model nyc_311_raw_data.fct_nyc_311_performance
00:58:39.629100 [debug]: Started rendering model nyc_311_raw_data.fct_nyc_311_performance
00:58:39.629115 [info ]: Started model nyc_311_raw_data.stg_nyc_311_requests
00:58:39.629119 [debug]: Started rendering model nyc_311_raw_data.stg_nyc_311_requests
00:58:39.629126 [info ]: Started model nyc_311_raw_data.raw_service_requests
00:58:39.629129 [debug]: Started rendering model nyc_311_raw_data.raw_service_requests
00:58:39.629160 [info ]: Finished loading project [  0.12s]
00:58:39.629434 [debug]: Compiled SQL for node model.nyc_311_project.raw_service_requests at target\.lsp\compiled\nyc_311_project\models\Staging\raw_service_requests.sql
00:58:39.629433 [debug]: Compiled SQL for node model.nyc_311_project.fct_nyc_311_performance at target\.lsp\compiled\nyc_311_project\models\Intermediate\fct_nyc_311_performance.sql
00:58:39.629452 [debug]: Compiled SQL for node model.nyc_311_project.stg_nyc_311_requests at target\.lsp\compiled\nyc_311_project\models\Staging\stg_nyc_311_requests.sql
00:58:39.629472 [debug]: Finished rendering [  0.00s] model nyc_311_raw_data.fct_nyc_311_performance [success]
00:58:39.629486 [info ]: Started analyzing (3 nodes)
00:58:39.629489 [debug]: Started analyzing model nyc_311_raw_data.fct_nyc_311_performance
00:58:39.629497 [debug]: Finished rendering [  0.00s] model nyc_311_raw_data.raw_service_requests [success]
00:58:39.629502 [debug]: Started analyzing model nyc_311_raw_data.raw_service_requests
00:58:39.629511 [debug]: Finished rendering [  0.00s] model nyc_311_raw_data.stg_nyc_311_requests [success]
00:58:39.629514 [info ]: Finished rendering [  0.00s] (3 nodes, 0 skipped, 0 errors)
00:58:39.629518 [debug]: Started analyzing model nyc_311_raw_data.stg_nyc_311_requests
00:58:39.629643 [debug]: Finished analyzing [  0.00s] model nyc_311_raw_data.raw_service_requests [success]
00:58:39.629657 [info ]:  Succeeded [-------] model nyc_311_raw_data.raw_service_requests (table)
00:58:39.629799 [debug]: Finished analyzing [  0.00s] model nyc_311_raw_data.stg_nyc_311_requests [success]
00:58:39.629806 [info ]:  Succeeded [-------] model nyc_311_raw_data.stg_nyc_311_requests (view)
00:58:39.630420 [debug]: Finished analyzing [  0.00s] model nyc_311_raw_data.fct_nyc_311_performance [success]
00:58:39.630429 [info ]: Finished analyzing [  0.00s] (3 nodes, 0 skipped, 0 errors)
00:58:39.630433 [info ]:  Succeeded [-------] model nyc_311_raw_data.fct_nyc_311_performance (table)
00:58:39.633074 [info ]: Started scheduling
00:58:39.633099 [info ]: Finished scheduling [  0.00s]
00:58:39.634103 [info ]: Cached model count updated: 4 models (accurate)
00:58:41.190900 [info ]: Started loading project
00:58:41.191433 [info ]: Loading profiles.yml
00:58:41.212006 [info ]: Cached model count updated: 4 models (estimate)
00:58:41.212017 [info ]: Cached model count updated: 4 models (accurate)
00:58:41.212033 [info ]: Started scheduling
00:58:41.212079 [info ]: Finished scheduling [  0.00s]
00:58:41.212090 [debug]: Compilation - 4 nodes selected: {"model.nyc_311_project.audit_raw_311_data", "model.nyc_311_project.fct_nyc_311_performance", "model.nyc_311_project.raw_service_requests", "model.nyc_311_project.stg_nyc_311_requests"}
00:58:41.308770 [info ]: Started building task graph
00:58:41.308808 [info ]: Finished building task graph [  0.00s]
00:58:41.308891 [info ]: Started rendering (4 nodes)
00:58:41.308901 [info ]: Started model nyc_311_raw_data.fct_nyc_311_performance
00:58:41.308909 [debug]: Started rendering model nyc_311_raw_data.fct_nyc_311_performance
00:58:41.308922 [info ]: Started model nyc_311_raw_data.stg_nyc_311_requests
00:58:41.308927 [debug]: Started rendering model nyc_311_raw_data.stg_nyc_311_requests
00:58:41.308933 [info ]: Started model nyc_311_raw_data.audit_raw_311_data
00:58:41.308937 [debug]: Started rendering model nyc_311_raw_data.audit_raw_311_data
00:58:41.308942 [info ]: Started model nyc_311_raw_data.raw_service_requests
00:58:41.308946 [debug]: Started rendering model nyc_311_raw_data.raw_service_requests
00:58:41.308962 [info ]: Finished loading project [  0.12s]
00:58:41.309411 [debug]: Compiled SQL for node model.nyc_311_project.fct_nyc_311_performance at target\.lsp\compiled\nyc_311_project\models\Intermediate\fct_nyc_311_performance.sql
00:58:41.309453 [debug]: Finished rendering [  0.00s] model nyc_311_raw_data.fct_nyc_311_performance [success]
00:58:41.309472 [info ]: Started analyzing (4 nodes)
00:58:41.309479 [debug]: Started analyzing model nyc_311_raw_data.fct_nyc_311_performance
00:58:41.309585 [debug]: Compiled SQL for node model.nyc_311_project.audit_raw_311_data at target\.lsp\compiled\nyc_311_project\models\Staging\audit_raw_311_data.sql
00:58:41.309608 [debug]: Compiled SQL for node model.nyc_311_project.stg_nyc_311_requests at target\.lsp\compiled\nyc_311_project\models\Staging\stg_nyc_311_requests.sql
00:58:41.309615 [debug]: Finished rendering [  0.00s] model nyc_311_raw_data.audit_raw_311_data [success]
00:58:41.309630 [debug]: Started analyzing model nyc_311_raw_data.audit_raw_311_data
00:58:41.309642 [debug]: Finished rendering [  0.00s] model nyc_311_raw_data.stg_nyc_311_requests [success]
00:58:41.309646 [debug]: Compiled SQL for node model.nyc_311_project.raw_service_requests at target\.lsp\compiled\nyc_311_project\models\Staging\raw_service_requests.sql
00:58:41.309650 [debug]: Started analyzing model nyc_311_raw_data.stg_nyc_311_requests
00:58:41.309665 [debug]: Finished rendering [  0.00s] model nyc_311_raw_data.raw_service_requests [success]
00:58:41.309672 [info ]: Finished rendering [  0.00s] (4 nodes, 0 skipped, 0 errors)
00:58:41.309677 [debug]: Started analyzing model nyc_311_raw_data.raw_service_requests
00:58:41.309779 [debug]: Finished analyzing [  0.00s] model nyc_311_raw_data.raw_service_requests [success]
00:58:41.309788 [info ]:  Succeeded [-------] model nyc_311_raw_data.raw_service_requests (table)
00:58:41.309958 [debug]: Finished analyzing [  0.00s] model nyc_311_raw_data.stg_nyc_311_requests [success]
00:58:41.309970 [info ]:  Succeeded [-------] model nyc_311_raw_data.stg_nyc_311_requests (view)
00:58:41.310367 [debug]: Finished analyzing [  0.00s] model nyc_311_raw_data.fct_nyc_311_performance [success]
00:58:41.310376 [info ]:  Succeeded [-------] model nyc_311_raw_data.fct_nyc_311_performance (table)
00:58:41.310432 [debug]: Finished analyzing [  0.00s] model nyc_311_raw_data.audit_raw_311_data [success]
00:58:41.310440 [info ]: Finished analyzing [  0.00s] (4 nodes, 0 skipped, 0 errors)
00:58:41.310445 [info ]:  Succeeded [-------] model nyc_311_raw_data.audit_raw_311_data (table)
00:58:41.312774 [info ]: Started scheduling
00:58:41.312794 [info ]: Finished scheduling [  0.00s]
00:58:41.313737 [info ]: Cached model count updated: 4 models (accurate)
01:12:21.562025 [info ]: Started loading project
01:12:21.562522 [info ]: Loading profiles.yml
01:12:21.565984 [info ]: Started loading project
01:12:21.566342 [info ]: Loading profiles.yml
01:12:21.566366 [info ]: Finished loading project [  0.00s]
01:12:21.577869 [info ]:    Started resolving packages from packages.yml
01:12:21.577912 [info ]:   Finished [  0.00s] resolving packages from packages.yml
01:12:21.577947 [debug]:    Started loading packages
01:12:21.580375 [debug]:     Loaded [  0.00s] packages
01:12:21.580998 [info ]: Started parsing
01:12:21.600213 [info ]: Finished loading project [  0.03s]
01:12:21.600678 [debug]: Finished parsing models\Staging\schema.yml [  0.00s]
01:12:21.601966 [debug]: Finished parsing models\Intermediate\fct_nyc_311_performance.sql [  0.00s]
01:12:21.602405 [debug]: Finished parsing models\Staging\audit_raw_311_data.sql [  0.00s]
01:12:21.602797 [debug]: Finished parsing models\Staging\raw_service_requests.sql [  0.00s]
01:12:21.604549 [debug]: Finished parsing models\Staging\stg_nyc_311_requests.sql [  0.00s]
01:12:21.605346 [info ]: Finished parsing [  0.02s]
01:12:21.605909 [info ]: Cached model count updated: 4 models (estimate)
01:12:21.605919 [info ]: Cached model count updated: 4 models (accurate)
01:12:21.605931 [info ]: Started scheduling
01:12:21.605951 [info ]: Finished scheduling [  0.00s]
01:12:21.605958 [debug]: Compilation - 0 nodes selected: {}
01:12:21.605965 [warn ]: dbt1092: The selection criterion '' does not match any enabled nodes
01:12:21.605971 [warn ]: dbt1601: Nothing to do. Try checking your model configs and model specification args
01:12:21.605975 [info ]: Started scheduling
01:12:21.606001 [info ]: Finished scheduling [  0.00s]
01:12:21.703947 [info ]: Started building task graph
01:12:21.703969 [info ]: Finished building task graph [  0.00s]
01:12:21.706713 [info ]: Started scheduling
01:12:21.706739 [info ]: Finished scheduling [  0.00s]
01:12:21.708609 [info ]: Cached model count updated: 4 models (accurate)
01:12:23.270082 [info ]: Started loading project
01:12:23.270629 [info ]: Loading profiles.yml
01:12:23.287265 [info ]: Cached model count updated: 4 models (estimate)
01:12:23.287273 [info ]: Cached model count updated: 4 models (accurate)
01:12:23.287288 [info ]: Started scheduling
01:12:23.287326 [info ]: Finished scheduling [  0.00s]
01:12:23.287335 [debug]: Compilation - 4 nodes selected: {"model.nyc_311_project.audit_raw_311_data", "model.nyc_311_project.fct_nyc_311_performance", "model.nyc_311_project.raw_service_requests", "model.nyc_311_project.stg_nyc_311_requests"}
01:12:23.389835 [info ]: Started building task graph
01:12:23.389898 [info ]: Finished building task graph [  0.00s]
01:12:23.390049 [info ]: Started rendering (4 nodes)
01:12:23.390066 [info ]: Started model nyc_311_raw_data.fct_nyc_311_performance
01:12:23.390078 [debug]: Started rendering model nyc_311_raw_data.fct_nyc_311_performance
01:12:23.390099 [info ]: Started model nyc_311_raw_data.stg_nyc_311_requests
01:12:23.390109 [debug]: Started rendering model nyc_311_raw_data.stg_nyc_311_requests
01:12:23.390119 [info ]: Started model nyc_311_raw_data.audit_raw_311_data
01:12:23.390122 [info ]: Finished loading project [  0.12s]
01:12:23.390126 [debug]: Started rendering model nyc_311_raw_data.audit_raw_311_data
01:12:23.390137 [info ]: Started model nyc_311_raw_data.raw_service_requests
01:12:23.390144 [debug]: Started rendering model nyc_311_raw_data.raw_service_requests
01:12:23.391445 [debug]: Compiled SQL for node model.nyc_311_project.fct_nyc_311_performance at target\.lsp\compiled\nyc_311_project\models\Intermediate\fct_nyc_311_performance.sql
01:12:23.391502 [debug]: Finished rendering [  0.00s] model nyc_311_raw_data.fct_nyc_311_performance [success]
01:12:23.391519 [info ]: Started analyzing (4 nodes)
01:12:23.391525 [debug]: Started analyzing model nyc_311_raw_data.fct_nyc_311_performance
01:12:23.391549 [debug]: Compiled SQL for node model.nyc_311_project.raw_service_requests at target\.lsp\compiled\nyc_311_project\models\Staging\raw_service_requests.sql
01:12:23.391571 [debug]: Compiled SQL for node model.nyc_311_project.stg_nyc_311_requests at target\.lsp\compiled\nyc_311_project\models\Staging\stg_nyc_311_requests.sql
01:12:23.391603 [debug]: Finished rendering [  0.00s] model nyc_311_raw_data.raw_service_requests [success]
01:12:23.391624 [debug]: Compiled SQL for node model.nyc_311_project.audit_raw_311_data at target\.lsp\compiled\nyc_311_project\models\Staging\audit_raw_311_data.sql
01:12:23.391623 [debug]: Started analyzing model nyc_311_raw_data.raw_service_requests
01:12:23.391640 [debug]: Finished rendering [  0.00s] model nyc_311_raw_data.stg_nyc_311_requests [success]
01:12:23.391651 [debug]: Started analyzing model nyc_311_raw_data.stg_nyc_311_requests
01:12:23.391681 [debug]: Finished rendering [  0.00s] model nyc_311_raw_data.audit_raw_311_data [success]
01:12:23.391694 [info ]: Finished rendering [  0.00s] (4 nodes, 0 skipped, 0 errors)
01:12:23.391705 [debug]: Started analyzing model nyc_311_raw_data.audit_raw_311_data
01:12:23.391769 [debug]: Finished analyzing [  0.00s] model nyc_311_raw_data.raw_service_requests [success]
01:12:23.391781 [info ]:  Succeeded [  0.00s] model nyc_311_raw_data.raw_service_requests (table)
01:12:23.391967 [debug]: Finished analyzing [  0.00s] model nyc_311_raw_data.stg_nyc_311_requests [success]
01:12:23.391977 [info ]:  Succeeded [  0.00s] model nyc_311_raw_data.stg_nyc_311_requests (view)
01:12:23.392391 [debug]: Finished analyzing [  0.00s] model nyc_311_raw_data.fct_nyc_311_performance [success]
01:12:23.392400 [info ]:  Succeeded [  0.00s] model nyc_311_raw_data.fct_nyc_311_performance (table)
01:12:23.392436 [debug]: Finished analyzing [  0.00s] model nyc_311_raw_data.audit_raw_311_data [success]
01:12:23.392444 [info ]: Finished analyzing [  0.00s] (4 nodes, 0 skipped, 0 errors)
01:12:23.392449 [info ]:  Succeeded [  0.00s] model nyc_311_raw_data.audit_raw_311_data (table)
01:12:23.395446 [info ]: Started scheduling
01:12:23.395469 [info ]: Finished scheduling [  0.00s]
01:12:23.396515 [info ]: Cached model count updated: 4 models (accurate)
01:12:47.374860 [info ]: Started loading project
01:12:47.375314 [info ]: Loading profiles.yml
01:12:47.378503 [info ]: Started loading project
01:12:47.378852 [info ]: Loading profiles.yml
01:12:47.378873 [info ]: Finished loading project [  0.00s]
01:12:47.389323 [info ]:    Started resolving packages from packages.yml
01:12:47.659681 [warn ]: dbt1080: Package 'dbt_utils' may not be compatible with your dbt version: Required dbt version does not match current version. Check Package Hub (https://hub.getdbt.com) for compatible versions or contact the package maintainer.
01:12:47.660070 [info ]: Installing packages
01:12:47.661468 [info ]: Installing dbt-labs/dbt_utils
01:12:47.661498 [info ]:   Finished [  0.27s] resolving packages from packages.yml (1 items)
01:12:47.661762 [info ]: Updated version available for dbt_utils@1.1.1: 1.3.3
01:12:48.268216 [info ]:  Installed dbt-labs/dbt_utils: 1.1.1
01:12:48.268285 [info ]:  Installed 1 package
01:12:48.268383 [debug]:    Started loading packages
01:12:48.277696 [debug]:     Loaded [  0.01s] packages
01:12:48.278239 [info ]: Finished loading project [  0.90s]
01:12:48.278420 [info ]: Started parsing
01:12:48.306555 [debug]: Finished parsing models\Staging\schema.yml [  0.00s]
01:12:48.307624 [debug]: Finished parsing models\Intermediate\fct_nyc_311_performance.sql [  0.00s]
01:12:48.308004 [debug]: Finished parsing models\Staging\audit_raw_311_data.sql [  0.00s]
01:12:48.308387 [debug]: Finished parsing models\Staging\raw_service_requests.sql [  0.00s]
01:12:48.310097 [debug]: Finished parsing models\Staging\stg_nyc_311_requests.sql [  0.00s]
01:12:48.310882 [info ]: Finished parsing [  0.03s]
01:12:48.311433 [info ]: Cached model count updated: 4 models (estimate)
01:12:48.311441 [info ]: Cached model count updated: 4 models (accurate)
01:12:48.311455 [info ]: Started scheduling
01:12:48.311473 [info ]: Finished scheduling [  0.00s]
01:12:48.311480 [debug]: Compilation - 0 nodes selected: {}
01:12:48.311487 [warn ]: dbt1092: The selection criterion '' does not match any enabled nodes
01:12:48.311492 [warn ]: dbt1601: Nothing to do. Try checking your model configs and model specification args
01:12:48.311497 [info ]: Started scheduling
01:12:48.311521 [info ]: Finished scheduling [  0.00s]
01:12:48.441132 [info ]: Started building task graph
01:12:48.441157 [info ]: Finished building task graph [  0.00s]
01:12:48.444626 [info ]: Started scheduling
01:12:48.444655 [info ]: Finished scheduling [  0.00s]
01:12:48.445089 [info ]: Cached model count updated: 4 models (accurate)
01:12:50.890687 [info ]: Started loading project
01:12:50.891108 [info ]: Loading profiles.yml
01:12:50.910236 [info ]: Cached model count updated: 4 models (estimate)
01:12:50.910245 [info ]: Cached model count updated: 4 models (accurate)
01:12:50.910261 [info ]: Started scheduling
01:12:50.910282 [info ]: Finished scheduling [  0.00s]
01:12:50.910290 [debug]: Compilation - 0 nodes selected: {}
01:12:50.910298 [warn ]: dbt1092: The selection criterion '' does not match any enabled nodes
01:12:50.910304 [warn ]: dbt1601: Nothing to do. Try checking your model configs and model specification args
01:12:51.036347 [info ]: Started building task graph
01:12:51.036370 [info ]: Finished building task graph [  0.00s]
01:12:51.039461 [info ]: Started scheduling
01:12:51.039486 [info ]: Finished scheduling [  0.00s]
01:12:51.039718 [info ]: Finished loading project [  0.15s]
01:12:51.040756 [info ]: Cached model count updated: 4 models (accurate)
01:12:52.592511 [info ]: Started loading project
01:12:52.593173 [info ]: Loading profiles.yml
01:12:52.620168 [info ]: Cached model count updated: 4 models (estimate)
01:12:52.620176 [info ]: Cached model count updated: 4 models (accurate)
01:12:52.620190 [info ]: Started scheduling
01:12:52.620226 [info ]: Finished scheduling [  0.00s]
01:12:52.620235 [debug]: Compilation - 4 nodes selected: {"model.nyc_311_project.audit_raw_311_data", "model.nyc_311_project.fct_nyc_311_performance", "model.nyc_311_project.raw_service_requests", "model.nyc_311_project.stg_nyc_311_requests"}
01:12:52.746160 [info ]: Started building task graph
01:12:52.746205 [info ]: Finished building task graph [  0.00s]
01:12:52.746306 [info ]: Started rendering (4 nodes)
01:12:52.746317 [info ]: Started model nyc_311_raw_data.fct_nyc_311_performance
01:12:52.746325 [debug]: Started rendering model nyc_311_raw_data.fct_nyc_311_performance
01:12:52.746338 [info ]: Started model nyc_311_raw_data.stg_nyc_311_requests
01:12:52.746343 [debug]: Started rendering model nyc_311_raw_data.stg_nyc_311_requests
01:12:52.746350 [info ]: Started model nyc_311_raw_data.audit_raw_311_data
01:12:52.746354 [debug]: Started rendering model nyc_311_raw_data.audit_raw_311_data
01:12:52.746361 [info ]: Started model nyc_311_raw_data.raw_service_requests
01:12:52.746365 [debug]: Started rendering model nyc_311_raw_data.raw_service_requests
01:12:52.746367 [info ]: Finished loading project [  0.15s]
01:12:52.747853 [debug]: Compiled SQL for node model.nyc_311_project.fct_nyc_311_performance at target\.lsp\compiled\nyc_311_project\models\Intermediate\fct_nyc_311_performance.sql
01:12:52.747871 [debug]: Compiled SQL for node model.nyc_311_project.stg_nyc_311_requests at target\.lsp\compiled\nyc_311_project\models\Staging\stg_nyc_311_requests.sql
01:12:52.747894 [debug]: Compiled SQL for node model.nyc_311_project.raw_service_requests at target\.lsp\compiled\nyc_311_project\models\Staging\raw_service_requests.sql
01:12:52.747916 [debug]: Compiled SQL for node model.nyc_311_project.audit_raw_311_data at target\.lsp\compiled\nyc_311_project\models\Staging\audit_raw_311_data.sql
01:12:52.747922 [debug]: Finished rendering [  0.00s] model nyc_311_raw_data.fct_nyc_311_performance [success]
01:12:52.747941 [info ]: Started analyzing (4 nodes)
01:12:52.747948 [debug]: Started analyzing model nyc_311_raw_data.fct_nyc_311_performance
01:12:52.747961 [debug]: Finished rendering [  0.00s] model nyc_311_raw_data.stg_nyc_311_requests [success]
01:12:52.747968 [debug]: Started analyzing model nyc_311_raw_data.stg_nyc_311_requests
01:12:52.747976 [debug]: Finished rendering [  0.00s] model nyc_311_raw_data.raw_service_requests [success]
01:12:52.747982 [debug]: Started analyzing model nyc_311_raw_data.raw_service_requests
01:12:52.747996 [debug]: Finished rendering [  0.00s] model nyc_311_raw_data.audit_raw_311_data [success]
01:12:52.748011 [info ]: Finished rendering [  0.00s] (4 nodes, 0 skipped, 0 errors)
01:12:52.748021 [debug]: Started analyzing model nyc_311_raw_data.audit_raw_311_data
01:12:52.748092 [debug]: Finished analyzing [  0.00s] model nyc_311_raw_data.raw_service_requests [success]
01:12:52.748101 [info ]:  Succeeded [  0.00s] model nyc_311_raw_data.raw_service_requests (table)
01:12:52.748315 [debug]: Finished analyzing [  0.00s] model nyc_311_raw_data.stg_nyc_311_requests [success]
01:12:52.748327 [info ]:  Succeeded [  0.00s] model nyc_311_raw_data.stg_nyc_311_requests (view)
01:12:52.748748 [debug]: Finished analyzing [  0.00s] model nyc_311_raw_data.fct_nyc_311_performance [success]
01:12:52.748758 [info ]:  Succeeded [  0.00s] model nyc_311_raw_data.fct_nyc_311_performance (table)
01:12:52.748805 [debug]: Finished analyzing [  0.00s] model nyc_311_raw_data.audit_raw_311_data [success]
01:12:52.748813 [info ]: Finished analyzing [  0.00s] (4 nodes, 0 skipped, 0 errors)
01:12:52.748817 [info ]:  Succeeded [  0.00s] model nyc_311_raw_data.audit_raw_311_data (table)
01:12:52.752159 [info ]: Started scheduling
01:12:52.752186 [info ]: Finished scheduling [  0.00s]
01:12:52.753627 [info ]: Cached model count updated: 4 models (accurate)
01:14:43.700156 [info ]: Started loading project
01:14:43.700646 [info ]: Loading profiles.yml
01:14:43.704118 [info ]: Started loading project
01:14:43.704472 [info ]: Loading profiles.yml
01:14:43.704496 [info ]: Finished loading project [  0.00s]
01:14:43.715118 [info ]: Loading packages.yml
01:14:43.715201 [debug]:    Started loading packages
01:14:43.724128 [debug]:     Loaded [  0.01s] packages
01:14:43.724743 [info ]: Started parsing
01:14:43.750463 [info ]: Finished loading project [  0.05s]
01:14:43.752971 [debug]: Finished parsing models\Intermediate\schema.yml [  0.00s]
01:14:43.753150 [debug]: Finished parsing models\Staging\schema.yml [  0.00s]
01:14:43.754317 [debug]: Finished parsing models\Intermediate\fct_nyc_311_performance.sql [  0.00s]
01:14:43.754710 [debug]: Finished parsing models\Staging\audit_raw_311_data.sql [  0.00s]
01:14:43.755096 [debug]: Finished parsing models\Staging\raw_service_requests.sql [  0.00s]
01:14:43.756814 [debug]: Finished parsing models\Staging\stg_nyc_311_requests.sql [  0.00s]
01:14:43.757680 [info ]: Finished parsing [  0.03s]
01:14:43.758294 [info ]: Cached model count updated: 4 models (estimate)
01:14:43.758302 [info ]: Cached model count updated: 4 models (accurate)
01:14:43.758314 [info ]: Started scheduling
01:14:43.758336 [info ]: Finished scheduling [  0.00s]
01:14:43.758343 [debug]: Compilation - 0 nodes selected: {}
01:14:43.758349 [warn ]: dbt1092: The selection criterion '' does not match any enabled nodes
01:14:43.758354 [warn ]: dbt1601: Nothing to do. Try checking your model configs and model specification args
01:14:43.758359 [info ]: Started scheduling
01:14:43.758385 [info ]: Finished scheduling [  0.00s]
01:14:43.889134 [info ]: Started building task graph
01:14:43.889163 [info ]: Finished building task graph [  0.00s]
01:14:43.892911 [info ]: Started scheduling
01:14:43.892940 [info ]: Finished scheduling [  0.00s]
01:14:43.895639 [info ]: Cached model count updated: 4 models (accurate)
01:14:45.442046 [info ]: Started loading project
01:14:45.442547 [info ]: Loading profiles.yml
01:14:45.464377 [info ]: Cached model count updated: 4 models (estimate)
01:14:45.464394 [info ]: Cached model count updated: 4 models (accurate)
01:14:45.464416 [info ]: Started scheduling
01:14:45.464463 [info ]: Finished scheduling [  0.00s]
01:14:45.464476 [debug]: Compilation - 4 nodes selected: {"model.nyc_311_project.audit_raw_311_data", "model.nyc_311_project.fct_nyc_311_performance", "model.nyc_311_project.raw_service_requests", "model.nyc_311_project.stg_nyc_311_requests"}
01:14:45.603483 [info ]: Started building task graph
01:14:45.603532 [info ]: Finished building task graph [  0.00s]
01:14:45.603646 [info ]: Started rendering (4 nodes)
01:14:45.603658 [info ]: Started model nyc_311_raw_data.fct_nyc_311_performance
01:14:45.603666 [debug]: Started rendering model nyc_311_raw_data.fct_nyc_311_performance
01:14:45.603682 [info ]: Started model nyc_311_raw_data.stg_nyc_311_requests
01:14:45.603687 [debug]: Started rendering model nyc_311_raw_data.stg_nyc_311_requests
01:14:45.603694 [info ]: Started model nyc_311_raw_data.audit_raw_311_data
01:14:45.603698 [debug]: Started rendering model nyc_311_raw_data.audit_raw_311_data
01:14:45.603704 [info ]: Started model nyc_311_raw_data.raw_service_requests
01:14:45.603709 [debug]: Started rendering model nyc_311_raw_data.raw_service_requests
01:14:45.603715 [info ]: Finished loading project [  0.16s]
01:14:45.605036 [debug]: Compiled SQL for node model.nyc_311_project.fct_nyc_311_performance at target\.lsp\compiled\nyc_311_project\models\Intermediate\fct_nyc_311_performance.sql
01:14:45.605102 [debug]: Finished rendering [  0.00s] model nyc_311_raw_data.fct_nyc_311_performance [success]
01:14:45.605125 [debug]: Compiled SQL for node model.nyc_311_project.stg_nyc_311_requests at target\.lsp\compiled\nyc_311_project\models\Staging\stg_nyc_311_requests.sql
01:14:45.605129 [info ]: Started analyzing (4 nodes)
01:14:45.605137 [debug]: Started analyzing model nyc_311_raw_data.fct_nyc_311_performance
01:14:45.605156 [debug]: Compiled SQL for node model.nyc_311_project.raw_service_requests at target\.lsp\compiled\nyc_311_project\models\Staging\raw_service_requests.sql
01:14:45.605176 [debug]: Finished rendering [  0.00s] model nyc_311_raw_data.stg_nyc_311_requests [success]
01:14:45.605193 [debug]: Started analyzing model nyc_311_raw_data.stg_nyc_311_requests
01:14:45.605208 [debug]: Finished rendering [  0.00s] model nyc_311_raw_data.raw_service_requests [success]
01:14:45.605218 [debug]: Started analyzing model nyc_311_raw_data.raw_service_requests
01:14:45.605242 [debug]: Compiled SQL for node model.nyc_311_project.audit_raw_311_data at target\.lsp\compiled\nyc_311_project\models\Staging\audit_raw_311_data.sql
01:14:45.605292 [debug]: Finished rendering [  0.00s] model nyc_311_raw_data.audit_raw_311_data [success]
01:14:45.605301 [info ]: Finished rendering [  0.00s] (4 nodes, 0 skipped, 0 errors)
01:14:45.605311 [debug]: Started analyzing model nyc_311_raw_data.audit_raw_311_data
01:14:45.605334 [debug]: Finished analyzing [  0.00s] model nyc_311_raw_data.raw_service_requests [success]
01:14:45.605343 [info ]:  Succeeded [  0.00s] model nyc_311_raw_data.raw_service_requests (table)
01:14:45.605597 [debug]: Finished analyzing [  0.00s] model nyc_311_raw_data.stg_nyc_311_requests [success]
01:14:45.605614 [info ]:  Succeeded [  0.00s] model nyc_311_raw_data.stg_nyc_311_requests (view)
01:14:45.605978 [debug]: Finished analyzing [  0.00s] model nyc_311_raw_data.fct_nyc_311_performance [success]
01:14:45.605988 [info ]:  Succeeded [  0.00s] model nyc_311_raw_data.fct_nyc_311_performance (table)
01:14:45.606014 [debug]: Finished analyzing [  0.00s] model nyc_311_raw_data.audit_raw_311_data [success]
01:14:45.606022 [info ]: Finished analyzing [  0.00s] (4 nodes, 0 skipped, 0 errors)
01:14:45.606026 [info ]:  Succeeded [  0.00s] model nyc_311_raw_data.audit_raw_311_data (table)
01:14:45.609472 [info ]: Started scheduling
01:14:45.609496 [info ]: Finished scheduling [  0.00s]
01:14:45.610834 [info ]: Cached model count updated: 4 models (accurate)
01:15:56.477651 [info ]: Started loading project
01:15:56.478158 [info ]: Loading profiles.yml
01:15:56.483323 [info ]: Started parsing
01:15:56.498875 [info ]: Finished loading project [  0.02s]
01:15:56.499323 [debug]: Finished parsing models\Intermediate\schema.yml [  0.00s]
01:15:56.501381 [debug]: Finished parsing models\Intermediate\fct_nyc_311_performance.sql [  0.00s]
01:15:56.502033 [info ]: Finished parsing [  0.02s]
01:15:56.503352 [info ]: Cached model count updated: 4 models (estimate)
01:15:56.503360 [info ]: Cached model count updated: 4 models (accurate)
01:15:56.503373 [info ]: Started scheduling
01:15:56.503393 [info ]: Finished scheduling [  0.00s]
01:15:56.503399 [debug]: Compilation - 0 nodes selected: {}
01:15:56.503405 [warn ]: dbt1092: The selection criterion '' does not match any enabled nodes
01:15:56.503411 [warn ]: dbt1601: Nothing to do. Try checking your model configs and model specification args
01:15:56.630459 [info ]: Started building task graph
01:15:56.630483 [info ]: Finished building task graph [  0.00s]
01:15:56.633758 [info ]: Started scheduling
01:15:56.633784 [info ]: Finished scheduling [  0.00s]
01:15:56.634751 [info ]: Cached model count updated: 4 models (accurate)
01:15:58.190413 [info ]: Started loading project
01:15:58.190875 [info ]: Loading profiles.yml
01:15:58.210930 [info ]: Cached model count updated: 4 models (estimate)
01:15:58.210944 [info ]: Cached model count updated: 4 models (accurate)
01:15:58.210963 [info ]: Started scheduling
01:15:58.210987 [info ]: Finished scheduling [  0.00s]
01:15:58.210996 [debug]: Compilation - 0 nodes selected: {}
01:15:58.211004 [warn ]: dbt1092: The selection criterion '' does not match any enabled nodes
01:15:58.211011 [warn ]: dbt1601: Nothing to do. Try checking your model configs and model specification args
01:15:58.337854 [info ]: Started building task graph
01:15:58.337877 [info ]: Finished building task graph [  0.00s]
01:15:58.341575 [info ]: Started scheduling
01:15:58.341607 [info ]: Finished scheduling [  0.00s]
01:15:58.341868 [info ]: Finished loading project [  0.15s]
01:15:58.343038 [info ]: Cached model count updated: 4 models (accurate)
01:15:59.903113 [info ]: Started loading project
01:15:59.903558 [info ]: Loading profiles.yml
01:15:59.922577 [info ]: Cached model count updated: 4 models (estimate)
01:15:59.922586 [info ]: Cached model count updated: 4 models (accurate)
01:15:59.922602 [info ]: Started scheduling
01:15:59.922642 [info ]: Finished scheduling [  0.00s]
01:15:59.922651 [debug]: Compilation - 4 nodes selected: {"model.nyc_311_project.audit_raw_311_data", "model.nyc_311_project.fct_nyc_311_performance", "model.nyc_311_project.raw_service_requests", "model.nyc_311_project.stg_nyc_311_requests"}
01:16:00.049993 [info ]: Started building task graph
01:16:00.050038 [info ]: Finished building task graph [  0.00s]
01:16:00.050142 [info ]: Started rendering (4 nodes)
01:16:00.050152 [info ]: Started model nyc_311_raw_data.fct_nyc_311_performance
01:16:00.050161 [debug]: Started rendering model nyc_311_raw_data.fct_nyc_311_performance
01:16:00.050174 [info ]: Started model nyc_311_raw_data.stg_nyc_311_requests
01:16:00.050178 [debug]: Started rendering model nyc_311_raw_data.stg_nyc_311_requests
01:16:00.050185 [info ]: Started model nyc_311_raw_data.audit_raw_311_data
01:16:00.050188 [debug]: Started rendering model nyc_311_raw_data.audit_raw_311_data
01:16:00.050194 [info ]: Started model nyc_311_raw_data.raw_service_requests
01:16:00.050198 [debug]: Started rendering model nyc_311_raw_data.raw_service_requests
01:16:00.050218 [info ]: Finished loading project [  0.15s]
01:16:00.050566 [debug]: Compiled SQL for node model.nyc_311_project.fct_nyc_311_performance at target\.lsp\compiled\nyc_311_project\models\Intermediate\fct_nyc_311_performance.sql
01:16:00.050615 [debug]: Finished rendering [  0.00s] model nyc_311_raw_data.fct_nyc_311_performance [success]
01:16:00.050641 [info ]: Started analyzing (4 nodes)
01:16:00.050653 [debug]: Started analyzing model nyc_311_raw_data.fct_nyc_311_performance
01:16:00.050680 [debug]: Compiled SQL for node model.nyc_311_project.audit_raw_311_data at target\.lsp\compiled\nyc_311_project\models\Staging\audit_raw_311_data.sql
01:16:00.050703 [debug]: Compiled SQL for node model.nyc_311_project.stg_nyc_311_requests at target\.lsp\compiled\nyc_311_project\models\Staging\stg_nyc_311_requests.sql
01:16:00.050710 [debug]: Finished rendering [  0.00s] model nyc_311_raw_data.audit_raw_311_data [success]
01:16:00.050722 [debug]: Started analyzing model nyc_311_raw_data.audit_raw_311_data
01:16:00.050734 [debug]: Finished rendering [  0.00s] model nyc_311_raw_data.stg_nyc_311_requests [success]
01:16:00.050741 [debug]: Started analyzing model nyc_311_raw_data.stg_nyc_311_requests
01:16:00.050818 [debug]: Compiled SQL for node model.nyc_311_project.raw_service_requests at target\.lsp\compiled\nyc_311_project\models\Staging\raw_service_requests.sql
01:16:00.050851 [debug]: Finished rendering [  0.00s] model nyc_311_raw_data.raw_service_requests [success]
01:16:00.050863 [info ]: Finished rendering [  0.00s] (4 nodes, 0 skipped, 0 errors)
01:16:00.050873 [debug]: Started analyzing model nyc_311_raw_data.raw_service_requests
01:16:00.050987 [debug]: Finished analyzing [  0.00s] model nyc_311_raw_data.raw_service_requests [success]
01:16:00.050996 [info ]:  Succeeded [-------] model nyc_311_raw_data.raw_service_requests (table)
01:16:00.051069 [debug]: Finished analyzing [  0.00s] model nyc_311_raw_data.stg_nyc_311_requests [success]
01:16:00.051078 [info ]:  Succeeded [-------] model nyc_311_raw_data.stg_nyc_311_requests (view)
01:16:00.051572 [debug]: Finished analyzing [  0.00s] model nyc_311_raw_data.fct_nyc_311_performance [success]
01:16:00.051582 [info ]:  Succeeded [-------] model nyc_311_raw_data.fct_nyc_311_performance (table)
01:16:00.051613 [debug]: Finished analyzing [  0.00s] model nyc_311_raw_data.audit_raw_311_data [success]
01:16:00.051623 [info ]: Finished analyzing [  0.00s] (4 nodes, 0 skipped, 0 errors)
01:16:00.051628 [info ]:  Succeeded [-------] model nyc_311_raw_data.audit_raw_311_data (table)
01:16:00.054242 [info ]: Started scheduling
01:16:00.054265 [info ]: Finished scheduling [  0.00s]
01:16:00.055604 [info ]: Cached model count updated: 4 models (accurate)
01:26:16.012736 [info ]: Started loading project
01:26:16.013298 [info ]: Loading profiles.yml
01:26:16.018611 [info ]: Started parsing
01:26:16.034866 [info ]: Finished loading project [  0.02s]
01:26:16.035402 [debug]: Finished parsing models\Intermediate\schema.yml [  0.00s]
01:26:16.037640 [debug]: Finished parsing models\Intermediate\fct_nyc_311_performance.sql [  0.00s]
01:26:16.038655 [info ]: Finished parsing [  0.02s]
01:26:16.040211 [info ]: Cached model count updated: 4 models (estimate)
01:26:16.040220 [info ]: Cached model count updated: 4 models (accurate)
01:26:16.040235 [info ]: Started scheduling
01:26:16.040257 [info ]: Finished scheduling [  0.00s]
01:26:16.040263 [debug]: Compilation - 0 nodes selected: {}
01:26:16.040272 [warn ]: dbt1092: The selection criterion '' does not match any enabled nodes
01:26:16.040280 [warn ]: dbt1601: Nothing to do. Try checking your model configs and model specification args
01:26:16.186705 [info ]: Started building task graph
01:26:16.186727 [info ]: Finished building task graph [  0.00s]
01:26:16.189446 [info ]: Started scheduling
01:26:16.189473 [info ]: Finished scheduling [  0.00s]
01:26:16.190441 [info ]: Cached model count updated: 4 models (accurate)
01:26:17.729566 [info ]: Started loading project
01:26:17.730023 [info ]: Loading profiles.yml
01:26:17.747948 [info ]: Cached model count updated: 4 models (estimate)
01:26:17.747961 [info ]: Cached model count updated: 4 models (accurate)
01:26:17.747979 [info ]: Started scheduling
01:26:17.748005 [info ]: Finished scheduling [  0.00s]
01:26:17.748016 [debug]: Compilation - 0 nodes selected: {}
01:26:17.748024 [warn ]: dbt1092: The selection criterion '' does not match any enabled nodes
01:26:17.748030 [warn ]: dbt1601: Nothing to do. Try checking your model configs and model specification args
01:26:17.880867 [info ]: Started building task graph
01:26:17.880892 [info ]: Finished building task graph [  0.00s]
01:26:17.884183 [info ]: Started scheduling
01:26:17.884212 [info ]: Finished scheduling [  0.00s]
01:26:17.884462 [info ]: Finished loading project [  0.15s]
01:26:17.885630 [info ]: Cached model count updated: 4 models (accurate)
01:26:19.453086 [info ]: Started loading project
01:26:19.453511 [info ]: Loading profiles.yml
01:26:19.471866 [info ]: Cached model count updated: 4 models (estimate)
01:26:19.471875 [info ]: Cached model count updated: 4 models (accurate)
01:26:19.471891 [info ]: Started scheduling
01:26:19.471928 [info ]: Finished scheduling [  0.00s]
01:26:19.471938 [debug]: Compilation - 4 nodes selected: {"model.nyc_311_project.audit_raw_311_data", "model.nyc_311_project.fct_nyc_311_performance", "model.nyc_311_project.raw_service_requests", "model.nyc_311_project.stg_nyc_311_requests"}
01:26:19.597806 [info ]: Started building task graph
01:26:19.597846 [info ]: Finished building task graph [  0.00s]
01:26:19.597939 [info ]: Started rendering (4 nodes)
01:26:19.597950 [info ]: Started model nyc_311_raw_data.fct_nyc_311_performance
01:26:19.597958 [debug]: Started rendering model nyc_311_raw_data.fct_nyc_311_performance
01:26:19.597973 [info ]: Started model nyc_311_raw_data.stg_nyc_311_requests
01:26:19.597977 [debug]: Started rendering model nyc_311_raw_data.stg_nyc_311_requests
01:26:19.597984 [info ]: Started model nyc_311_raw_data.audit_raw_311_data
01:26:19.597987 [debug]: Started rendering model nyc_311_raw_data.audit_raw_311_data
01:26:19.597993 [info ]: Started model nyc_311_raw_data.raw_service_requests
01:26:19.597997 [debug]: Started rendering model nyc_311_raw_data.raw_service_requests
01:26:19.598017 [info ]: Finished loading project [  0.14s]
01:26:19.598618 [debug]: Compiled SQL for node model.nyc_311_project.raw_service_requests at target\.lsp\compiled\nyc_311_project\models\Staging\raw_service_requests.sql
01:26:19.598627 [debug]: Compiled SQL for node model.nyc_311_project.stg_nyc_311_requests at target\.lsp\compiled\nyc_311_project\models\Staging\stg_nyc_311_requests.sql
01:26:19.598650 [debug]: Compiled SQL for node model.nyc_311_project.audit_raw_311_data at target\.lsp\compiled\nyc_311_project\models\Staging\audit_raw_311_data.sql
01:26:19.598656 [debug]: Finished rendering [  0.00s] model nyc_311_raw_data.raw_service_requests [success]
01:26:19.598673 [info ]: Started analyzing (4 nodes)
01:26:19.598680 [debug]: Started analyzing model nyc_311_raw_data.raw_service_requests
01:26:19.598691 [debug]: Finished rendering [  0.00s] model nyc_311_raw_data.stg_nyc_311_requests [success]
01:26:19.598697 [debug]: Started analyzing model nyc_311_raw_data.stg_nyc_311_requests
01:26:19.598706 [debug]: Finished rendering [  0.00s] model nyc_311_raw_data.audit_raw_311_data [success]
01:26:19.598711 [debug]: Started analyzing model nyc_311_raw_data.audit_raw_311_data
01:26:19.598820 [debug]: Finished analyzing [  0.00s] model nyc_311_raw_data.raw_service_requests [success]
01:26:19.598833 [info ]:  Succeeded [-------] model nyc_311_raw_data.raw_service_requests (table)
01:26:19.599019 [debug]: Finished analyzing [  0.00s] model nyc_311_raw_data.stg_nyc_311_requests [success]
01:26:19.599031 [info ]:  Succeeded [-------] model nyc_311_raw_data.stg_nyc_311_requests (view)
01:26:19.599375 [debug]: Compiled SQL for node model.nyc_311_project.fct_nyc_311_performance at target\.lsp\compiled\nyc_311_project\models\Intermediate\fct_nyc_311_performance.sql
01:26:19.599416 [debug]: Finished rendering [  0.00s] model nyc_311_raw_data.fct_nyc_311_performance [success]
01:26:19.599424 [info ]: Finished rendering [  0.00s] (4 nodes, 0 skipped, 0 errors)
01:26:19.599433 [debug]: Started analyzing model nyc_311_raw_data.fct_nyc_311_performance
01:26:19.599541 [debug]: Finished analyzing [  0.00s] model nyc_311_raw_data.audit_raw_311_data [success]
01:26:19.599551 [info ]:  Succeeded [-------] model nyc_311_raw_data.audit_raw_311_data (table)
01:26:19.600075 [debug]: Finished analyzing [  0.00s] model nyc_311_raw_data.fct_nyc_311_performance [success]
01:26:19.600083 [info ]: Finished analyzing [  0.00s] (4 nodes, 0 skipped, 0 errors)
01:26:19.600087 [info ]:  Succeeded [  0.00s] model nyc_311_raw_data.fct_nyc_311_performance (table)
01:26:19.602594 [info ]: Started scheduling
01:26:19.602619 [info ]: Finished scheduling [  0.00s]
01:26:19.604676 [info ]: Cached model count updated: 4 models (accurate)
01:39:45.982116 [info ]: Started loading project
01:39:45.982640 [info ]: Loading profiles.yml
01:39:45.988062 [info ]: Started parsing
01:39:46.003884 [info ]: Finished loading project [  0.02s]
01:39:46.004430 [debug]: Finished parsing models\Intermediate\schema.yml [  0.00s]
01:39:46.006511 [debug]: Finished parsing models\Intermediate\fct_nyc_311_performance.sql [  0.00s]
01:39:46.007262 [info ]: Finished parsing [  0.02s]
01:39:46.008682 [info ]: Cached model count updated: 4 models (estimate)
01:39:46.008691 [info ]: Cached model count updated: 4 models (accurate)
01:39:46.008706 [info ]: Started scheduling
01:39:46.008757 [info ]: Finished scheduling [  0.00s]
01:39:46.008765 [debug]: Compilation - 3 nodes selected: {"model.nyc_311_project.fct_nyc_311_performance", "model.nyc_311_project.raw_service_requests", "model.nyc_311_project.stg_nyc_311_requests"}
01:39:46.139335 [info ]: Started building task graph
01:39:46.139380 [info ]: Finished building task graph [  0.00s]
01:39:46.139490 [info ]: Started rendering (3 nodes)
01:39:46.139502 [info ]: Started model nyc_311_raw_data.fct_nyc_311_performance
01:39:46.139511 [debug]: Started rendering model nyc_311_raw_data.fct_nyc_311_performance
01:39:46.139526 [info ]: Started model nyc_311_raw_data.stg_nyc_311_requests
01:39:46.139532 [debug]: Started rendering model nyc_311_raw_data.stg_nyc_311_requests
01:39:46.139538 [info ]: Started model nyc_311_raw_data.raw_service_requests
01:39:46.139542 [debug]: Started rendering model nyc_311_raw_data.raw_service_requests
01:39:46.140005 [debug]: Compiled SQL for node model.nyc_311_project.stg_nyc_311_requests at target\.lsp\compiled\nyc_311_project\models\Staging\stg_nyc_311_requests.sql
01:39:46.140008 [debug]: Compiled SQL for node model.nyc_311_project.raw_service_requests at target\.lsp\compiled\nyc_311_project\models\Staging\raw_service_requests.sql
01:39:46.140050 [debug]: Finished rendering [  0.00s] model nyc_311_raw_data.stg_nyc_311_requests [success]
01:39:46.140071 [info ]: Started analyzing (3 nodes)
01:39:46.140079 [debug]: Started analyzing model nyc_311_raw_data.stg_nyc_311_requests
01:39:46.140093 [debug]: Finished rendering [  0.00s] model nyc_311_raw_data.raw_service_requests [success]
01:39:46.140102 [debug]: Started analyzing model nyc_311_raw_data.raw_service_requests
01:39:46.140228 [debug]: Finished analyzing [  0.00s] model nyc_311_raw_data.raw_service_requests [success]
01:39:46.140237 [info ]:  Succeeded [-------] model nyc_311_raw_data.raw_service_requests (table)
01:39:46.140450 [debug]: Finished analyzing [  0.00s] model nyc_311_raw_data.stg_nyc_311_requests [success]
01:39:46.140461 [info ]:  Succeeded [-------] model nyc_311_raw_data.stg_nyc_311_requests (view)
01:39:46.140759 [debug]: Compiled SQL for node model.nyc_311_project.fct_nyc_311_performance at target\.lsp\compiled\nyc_311_project\models\Intermediate\fct_nyc_311_performance.sql
01:39:46.140800 [debug]: Finished rendering [  0.00s] model nyc_311_raw_data.fct_nyc_311_performance [success]
01:39:46.140810 [info ]: Finished rendering [  0.00s] (3 nodes, 0 skipped, 0 errors)
01:39:46.140818 [debug]: Started analyzing model nyc_311_raw_data.fct_nyc_311_performance
01:39:46.150468 [debug]: Finished analyzing [  0.01s] model nyc_311_raw_data.fct_nyc_311_performance [success]
01:39:46.150478 [info ]: Finished analyzing [  0.01s] (3 nodes, 0 skipped, 0 errors)
01:39:46.150483 [info ]:  Succeeded [  0.01s] model nyc_311_raw_data.fct_nyc_311_performance (table)
01:39:46.153718 [info ]: Started scheduling
01:39:46.153764 [info ]: Finished scheduling [  0.00s]
01:39:46.154751 [info ]: Cached model count updated: 4 models (accurate)
01:39:47.720017 [info ]: Started loading project
01:39:47.720592 [info ]: Loading profiles.yml
01:39:47.741998 [info ]: Cached model count updated: 4 models (estimate)
01:39:47.742015 [info ]: Cached model count updated: 4 models (accurate)
01:39:47.742035 [info ]: Started scheduling
01:39:47.742083 [info ]: Finished scheduling [  0.00s]
01:39:47.742094 [debug]: Compilation - 3 nodes selected: {"model.nyc_311_project.fct_nyc_311_performance", "model.nyc_311_project.raw_service_requests", "model.nyc_311_project.stg_nyc_311_requests"}
01:39:47.870180 [info ]: Started building task graph
01:39:47.870223 [info ]: Finished building task graph [  0.00s]
01:39:47.870335 [info ]: Started rendering (3 nodes)
01:39:47.870348 [info ]: Started model nyc_311_raw_data.fct_nyc_311_performance
01:39:47.870357 [debug]: Started rendering model nyc_311_raw_data.fct_nyc_311_performance
01:39:47.870372 [info ]: Started model nyc_311_raw_data.stg_nyc_311_requests
01:39:47.870376 [debug]: Started rendering model nyc_311_raw_data.stg_nyc_311_requests
01:39:47.870383 [info ]: Started model nyc_311_raw_data.raw_service_requests
01:39:47.870387 [debug]: Started rendering model nyc_311_raw_data.raw_service_requests
01:39:47.870401 [info ]: Finished loading project [  0.15s]
01:39:47.870758 [debug]: Compiled SQL for node model.nyc_311_project.fct_nyc_311_performance at target\.lsp\compiled\nyc_311_project\models\Intermediate\fct_nyc_311_performance.sql
01:39:47.870770 [debug]: Compiled SQL for node model.nyc_311_project.stg_nyc_311_requests at target\.lsp\compiled\nyc_311_project\models\Staging\stg_nyc_311_requests.sql
01:39:47.870782 [debug]: Compiled SQL for node model.nyc_311_project.raw_service_requests at target\.lsp\compiled\nyc_311_project\models\Staging\raw_service_requests.sql
01:39:47.870798 [debug]: Finished rendering [  0.00s] model nyc_311_raw_data.fct_nyc_311_performance [success]
01:39:47.870817 [info ]: Started analyzing (3 nodes)
01:39:47.870823 [debug]: Started analyzing model nyc_311_raw_data.fct_nyc_311_performance
01:39:47.870833 [debug]: Finished rendering [  0.00s] model nyc_311_raw_data.stg_nyc_311_requests [success]
01:39:47.870840 [debug]: Started analyzing model nyc_311_raw_data.stg_nyc_311_requests
01:39:47.870849 [debug]: Finished rendering [  0.00s] model nyc_311_raw_data.raw_service_requests [success]
01:39:47.870853 [info ]: Finished rendering [  0.00s] (3 nodes, 0 skipped, 0 errors)
01:39:47.870857 [debug]: Started analyzing model nyc_311_raw_data.raw_service_requests
01:39:47.870957 [debug]: Finished analyzing [  0.00s] model nyc_311_raw_data.raw_service_requests [success]
01:39:47.870963 [info ]:  Succeeded [-------] model nyc_311_raw_data.raw_service_requests (table)
01:39:47.871192 [debug]: Finished analyzing [  0.00s] model nyc_311_raw_data.stg_nyc_311_requests [success]
01:39:47.871203 [info ]:  Succeeded [-------] model nyc_311_raw_data.stg_nyc_311_requests (view)
01:39:47.872947 [debug]: Finished analyzing [  0.00s] model nyc_311_raw_data.fct_nyc_311_performance [success]
01:39:47.872955 [info ]: Finished analyzing [  0.00s] (3 nodes, 0 skipped, 0 errors)
01:39:47.872960 [info ]:  Succeeded [  0.00s] model nyc_311_raw_data.fct_nyc_311_performance (table)
01:39:47.875585 [info ]: Started scheduling
01:39:47.875608 [info ]: Finished scheduling [  0.00s]
01:39:47.876922 [info ]: Cached model count updated: 4 models (accurate)
01:39:49.428459 [info ]: Started loading project
01:39:49.428992 [info ]: Loading profiles.yml
01:39:49.450480 [info ]: Cached model count updated: 4 models (estimate)
01:39:49.450488 [info ]: Cached model count updated: 4 models (accurate)
01:39:49.450503 [info ]: Started scheduling
01:39:49.450541 [info ]: Finished scheduling [  0.00s]
01:39:49.450551 [debug]: Compilation - 4 nodes selected: {"model.nyc_311_project.audit_raw_311_data", "model.nyc_311_project.fct_nyc_311_performance", "model.nyc_311_project.raw_service_requests", "model.nyc_311_project.stg_nyc_311_requests"}
01:39:49.575574 [info ]: Started building task graph
01:39:49.575612 [info ]: Finished building task graph [  0.00s]
01:39:49.575700 [info ]: Started rendering (4 nodes)
01:39:49.575711 [info ]: Started model nyc_311_raw_data.fct_nyc_311_performance
01:39:49.575719 [debug]: Started rendering model nyc_311_raw_data.fct_nyc_311_performance
01:39:49.575731 [info ]: Started model nyc_311_raw_data.stg_nyc_311_requests
01:39:49.575736 [debug]: Started rendering model nyc_311_raw_data.stg_nyc_311_requests
01:39:49.575741 [info ]: Started model nyc_311_raw_data.audit_raw_311_data
01:39:49.575745 [debug]: Started rendering model nyc_311_raw_data.audit_raw_311_data
01:39:49.575750 [info ]: Started model nyc_311_raw_data.raw_service_requests
01:39:49.575754 [debug]: Started rendering model nyc_311_raw_data.raw_service_requests
01:39:49.575773 [info ]: Finished loading project [  0.15s]
01:39:49.576038 [debug]: Compiled SQL for node model.nyc_311_project.fct_nyc_311_performance at target\.lsp\compiled\nyc_311_project\models\Intermediate\fct_nyc_311_performance.sql
01:39:49.576042 [debug]: Compiled SQL for node model.nyc_311_project.stg_nyc_311_requests at target\.lsp\compiled\nyc_311_project\models\Staging\stg_nyc_311_requests.sql
01:39:49.576080 [debug]: Finished rendering [  0.00s] model nyc_311_raw_data.fct_nyc_311_performance [success]
01:39:49.576108 [info ]: Started analyzing (4 nodes)
01:39:49.576115 [debug]: Started analyzing model nyc_311_raw_data.fct_nyc_311_performance
01:39:49.576131 [debug]: Finished rendering [  0.00s] model nyc_311_raw_data.stg_nyc_311_requests [success]
01:39:49.576140 [debug]: Started analyzing model nyc_311_raw_data.stg_nyc_311_requests
01:39:49.576175 [debug]: Compiled SQL for node model.nyc_311_project.audit_raw_311_data at target\.lsp\compiled\nyc_311_project\models\Staging\audit_raw_311_data.sql
01:39:49.576205 [debug]: Finished rendering [  0.00s] model nyc_311_raw_data.audit_raw_311_data [success]
01:39:49.576222 [debug]: Started analyzing model nyc_311_raw_data.audit_raw_311_data
01:39:49.576254 [debug]: Compiled SQL for node model.nyc_311_project.raw_service_requests at target\.lsp\compiled\nyc_311_project\models\Staging\raw_service_requests.sql
01:39:49.576287 [debug]: Finished rendering [  0.00s] model nyc_311_raw_data.raw_service_requests [success]
01:39:49.576297 [info ]: Finished rendering [  0.00s] (4 nodes, 0 skipped, 0 errors)
01:39:49.576307 [debug]: Started analyzing model nyc_311_raw_data.raw_service_requests
01:39:49.576408 [debug]: Finished analyzing [  0.00s] model nyc_311_raw_data.raw_service_requests [success]
01:39:49.576415 [info ]:  Succeeded [-------] model nyc_311_raw_data.raw_service_requests (table)
01:39:49.576459 [debug]: Finished analyzing [  0.00s] model nyc_311_raw_data.stg_nyc_311_requests [success]
01:39:49.576467 [info ]:  Succeeded [-------] model nyc_311_raw_data.stg_nyc_311_requests (view)
01:39:49.577018 [debug]: Finished analyzing [  0.00s] model nyc_311_raw_data.audit_raw_311_data [success]
01:39:49.577029 [info ]:  Succeeded [-------] model nyc_311_raw_data.audit_raw_311_data (table)
01:39:49.578127 [debug]: Finished analyzing [  0.00s] model nyc_311_raw_data.fct_nyc_311_performance [success]
01:39:49.578136 [info ]: Finished analyzing [  0.00s] (4 nodes, 0 skipped, 0 errors)
01:39:49.578140 [info ]:  Succeeded [  0.00s] model nyc_311_raw_data.fct_nyc_311_performance (table)
01:39:49.580485 [info ]: Started scheduling
01:39:49.580507 [info ]: Finished scheduling [  0.00s]
01:39:49.581681 [info ]: Cached model count updated: 4 models (accurate)
01:41:57.048759 [info ]: Started loading project
01:41:57.049263 [info ]: Loading profiles.yml
01:41:57.054680 [info ]: Started parsing
01:41:57.070703 [info ]: Finished loading project [  0.02s]
01:41:57.071268 [debug]: Finished parsing models\Intermediate\schema.yml [  0.00s]
01:41:57.074252 [info ]: Finished parsing [  0.02s]
01:41:57.074929 [info ]: Cached model count updated: 4 models (accurate)
01:41:58.619511 [info ]: Started loading project
01:41:58.619937 [info ]: Loading profiles.yml
01:41:58.625199 [info ]: Started parsing
01:41:58.640385 [info ]: Finished loading project [  0.02s]
01:41:58.640937 [debug]: Finished parsing models\Intermediate\schema.yml [  0.00s]
01:41:58.643553 [info ]: Finished parsing [  0.02s]
01:41:58.644195 [info ]: Cached model count updated: 4 models (accurate)
01:42:00.201867 [info ]: Started loading project
01:42:00.202420 [info ]: Loading profiles.yml
01:42:00.208912 [info ]: Started parsing
01:42:00.225626 [info ]: Finished loading project [  0.02s]
01:42:00.226137 [debug]: Finished parsing models\Intermediate\schema.yml [  0.00s]
01:42:00.228565 [info ]: Finished parsing [  0.02s]
01:42:00.229185 [info ]: Cached model count updated: 4 models (accurate)
01:44:47.228908 [info ]: Started loading project
01:44:47.229386 [info ]: Loading profiles.yml
01:44:47.234498 [info ]: Started parsing
01:44:47.249203 [info ]: Finished loading project [  0.02s]
01:44:47.249703 [debug]: Finished parsing models\Intermediate\schema.yml [  0.00s]
01:44:47.251724 [debug]: Finished parsing models\Intermediate\fct_nyc_311_performance.sql [  0.00s]
01:44:47.252438 [info ]: Finished parsing [  0.02s]
01:44:47.253822 [info ]: Cached model count updated: 4 models (estimate)
01:44:47.253830 [info ]: Cached model count updated: 4 models (accurate)
01:44:47.253844 [info ]: Started scheduling
01:44:47.253865 [info ]: Finished scheduling [  0.00s]
01:44:47.253872 [debug]: Compilation - 0 nodes selected: {}
01:44:47.253880 [warn ]: dbt1092: The selection criterion '' does not match any enabled nodes
01:44:47.253888 [warn ]: dbt1601: Nothing to do. Try checking your model configs and model specification args
01:44:47.383650 [info ]: Started building task graph
01:44:47.383677 [info ]: Finished building task graph [  0.00s]
01:44:47.386542 [info ]: Started scheduling
01:44:47.386568 [info ]: Finished scheduling [  0.00s]
01:44:47.387358 [info ]: Cached model count updated: 4 models (accurate)
01:44:48.944725 [info ]: Started loading project
01:44:48.945154 [info ]: Loading profiles.yml
01:44:48.963692 [info ]: Cached model count updated: 4 models (estimate)
01:44:48.963707 [info ]: Cached model count updated: 4 models (accurate)
01:44:48.963725 [info ]: Started scheduling
01:44:48.963748 [info ]: Finished scheduling [  0.00s]
01:44:48.963757 [debug]: Compilation - 0 nodes selected: {}
01:44:48.963765 [warn ]: dbt1092: The selection criterion '' does not match any enabled nodes
01:44:48.963773 [warn ]: dbt1601: Nothing to do. Try checking your model configs and model specification args
01:44:49.092215 [info ]: Started building task graph
01:44:49.092240 [info ]: Finished building task graph [  0.00s]
01:44:49.095185 [info ]: Started scheduling
01:44:49.095213 [info ]: Finished scheduling [  0.00s]
01:44:49.095465 [info ]: Finished loading project [  0.15s]
01:44:49.096266 [info ]: Cached model count updated: 4 models (accurate)
01:44:50.666817 [info ]: Started loading project
01:44:50.667807 [info ]: Loading profiles.yml
01:44:50.685226 [info ]: Cached model count updated: 4 models (estimate)
01:44:50.685234 [info ]: Cached model count updated: 4 models (accurate)
01:44:50.685249 [info ]: Started scheduling
01:44:50.685285 [info ]: Finished scheduling [  0.00s]
01:44:50.685294 [debug]: Compilation - 4 nodes selected: {"model.nyc_311_project.audit_raw_311_data", "model.nyc_311_project.fct_nyc_311_performance", "model.nyc_311_project.raw_service_requests", "model.nyc_311_project.stg_nyc_311_requests"}
01:44:50.811452 [info ]: Started building task graph
01:44:50.811495 [info ]: Finished building task graph [  0.00s]
01:44:50.811593 [info ]: Started rendering (4 nodes)
01:44:50.811604 [info ]: Started model nyc_311_raw_data.fct_nyc_311_performance
01:44:50.811612 [debug]: Started rendering model nyc_311_raw_data.fct_nyc_311_performance
01:44:50.811626 [info ]: Started model nyc_311_raw_data.stg_nyc_311_requests
01:44:50.811631 [debug]: Started rendering model nyc_311_raw_data.stg_nyc_311_requests
01:44:50.811636 [info ]: Started model nyc_311_raw_data.audit_raw_311_data
01:44:50.811641 [debug]: Started rendering model nyc_311_raw_data.audit_raw_311_data
01:44:50.811647 [info ]: Started model nyc_311_raw_data.raw_service_requests
01:44:50.811650 [debug]: Started rendering model nyc_311_raw_data.raw_service_requests
01:44:50.811669 [info ]: Finished loading project [  0.14s]
01:44:50.812373 [debug]: Compiled SQL for node model.nyc_311_project.stg_nyc_311_requests at target\.lsp\compiled\nyc_311_project\models\Staging\stg_nyc_311_requests.sql
01:44:50.812372 [debug]: Compiled SQL for node model.nyc_311_project.audit_raw_311_data at target\.lsp\compiled\nyc_311_project\models\Staging\audit_raw_311_data.sql
01:44:50.812400 [debug]: Compiled SQL for node model.nyc_311_project.raw_service_requests at target\.lsp\compiled\nyc_311_project\models\Staging\raw_service_requests.sql
01:44:50.812412 [debug]: Finished rendering [  0.00s] model nyc_311_raw_data.stg_nyc_311_requests [success]
01:44:50.812430 [info ]: Started analyzing (4 nodes)
01:44:50.812438 [debug]: Started analyzing model nyc_311_raw_data.stg_nyc_311_requests
01:44:50.812450 [debug]: Finished rendering [  0.00s] model nyc_311_raw_data.audit_raw_311_data [success]
01:44:50.812458 [debug]: Started analyzing model nyc_311_raw_data.audit_raw_311_data
01:44:50.812466 [debug]: Finished rendering [  0.00s] model nyc_311_raw_data.raw_service_requests [success]
01:44:50.812473 [debug]: Started analyzing model nyc_311_raw_data.raw_service_requests
01:44:50.812583 [debug]: Finished analyzing [  0.00s] model nyc_311_raw_data.raw_service_requests [success]
01:44:50.812592 [info ]:  Succeeded [-------] model nyc_311_raw_data.raw_service_requests (table)
01:44:50.812776 [debug]: Finished analyzing [  0.00s] model nyc_311_raw_data.stg_nyc_311_requests [success]
01:44:50.812786 [info ]:  Succeeded [-------] model nyc_311_raw_data.stg_nyc_311_requests (view)
01:44:50.813204 [debug]: Compiled SQL for node model.nyc_311_project.fct_nyc_311_performance at target\.lsp\compiled\nyc_311_project\models\Intermediate\fct_nyc_311_performance.sql
01:44:50.813247 [debug]: Finished rendering [  0.00s] model nyc_311_raw_data.fct_nyc_311_performance [success]
01:44:50.813256 [info ]: Finished rendering [  0.00s] (4 nodes, 0 skipped, 0 errors)
01:44:50.813264 [debug]: Started analyzing model nyc_311_raw_data.fct_nyc_311_performance
01:44:50.813306 [debug]: Finished analyzing [  0.00s] model nyc_311_raw_data.audit_raw_311_data [success]
01:44:50.813316 [info ]:  Succeeded [-------] model nyc_311_raw_data.audit_raw_311_data (table)
01:44:50.815162 [debug]: Finished analyzing [  0.00s] model nyc_311_raw_data.fct_nyc_311_performance [success]
01:44:50.815171 [info ]: Finished analyzing [  0.00s] (4 nodes, 0 skipped, 0 errors)
01:44:50.815176 [info ]:  Succeeded [  0.00s] model nyc_311_raw_data.fct_nyc_311_performance (table)
01:44:50.817688 [info ]: Started scheduling
01:44:50.817716 [info ]: Finished scheduling [  0.00s]
01:44:50.818761 [info ]: Cached model count updated: 4 models (accurate)
01:45:08.156160 [info ]: Started loading project
01:45:08.156659 [info ]: Loading profiles.yml
01:45:08.161592 [info ]: Started parsing
01:45:08.175425 [info ]: Finished loading project [  0.02s]
01:45:08.175869 [debug]: Finished parsing models\Intermediate\schema.yml [  0.00s]
01:45:08.177838 [debug]: Finished parsing models\Intermediate\fct_nyc_311_performance.sql [  0.00s]
01:45:08.178440 [info ]: Finished parsing [  0.02s]
01:45:08.179662 [info ]: Cached model count updated: 4 models (estimate)
01:45:08.179669 [info ]: Cached model count updated: 4 models (accurate)
01:45:08.179683 [info ]: Started scheduling
01:45:08.179702 [info ]: Finished scheduling [  0.00s]
01:45:08.179708 [debug]: Compilation - 0 nodes selected: {}
01:45:08.179713 [warn ]: dbt1092: The selection criterion '' does not match any enabled nodes
01:45:08.179719 [warn ]: dbt1601: Nothing to do. Try checking your model configs and model specification args
01:45:08.308433 [info ]: Started building task graph
01:45:08.308457 [info ]: Finished building task graph [  0.00s]
01:45:08.311518 [info ]: Started scheduling
01:45:08.311543 [info ]: Finished scheduling [  0.00s]
01:45:08.312209 [info ]: Cached model count updated: 4 models (accurate)
01:45:09.860095 [info ]: Started loading project
01:45:09.860518 [info ]: Loading profiles.yml
01:45:09.880721 [info ]: Cached model count updated: 4 models (estimate)
01:45:09.880737 [info ]: Cached model count updated: 4 models (accurate)
01:45:09.880758 [info ]: Started scheduling
01:45:09.880786 [info ]: Finished scheduling [  0.00s]
01:45:09.880796 [debug]: Compilation - 0 nodes selected: {}
01:45:09.880805 [warn ]: dbt1092: The selection criterion '' does not match any enabled nodes
01:45:09.880811 [warn ]: dbt1601: Nothing to do. Try checking your model configs and model specification args
01:45:10.010077 [info ]: Started building task graph
01:45:10.010101 [info ]: Finished building task graph [  0.00s]
01:45:10.012647 [info ]: Started scheduling
01:45:10.012672 [info ]: Finished scheduling [  0.00s]
01:45:10.012915 [info ]: Finished loading project [  0.15s]
01:45:10.013680 [info ]: Cached model count updated: 4 models (accurate)
01:45:11.573355 [info ]: Started loading project
01:45:11.573773 [info ]: Loading profiles.yml
01:45:11.591602 [info ]: Cached model count updated: 4 models (estimate)
01:45:11.591612 [info ]: Cached model count updated: 4 models (accurate)
01:45:11.591627 [info ]: Started scheduling
01:45:11.591664 [info ]: Finished scheduling [  0.00s]
01:45:11.591674 [debug]: Compilation - 4 nodes selected: {"model.nyc_311_project.audit_raw_311_data", "model.nyc_311_project.fct_nyc_311_performance", "model.nyc_311_project.raw_service_requests", "model.nyc_311_project.stg_nyc_311_requests"}
01:45:11.716982 [info ]: Started building task graph
01:45:11.717024 [info ]: Finished building task graph [  0.00s]
01:45:11.717117 [info ]: Started rendering (4 nodes)
01:45:11.717128 [info ]: Started model nyc_311_raw_data.fct_nyc_311_performance
01:45:11.717137 [debug]: Started rendering model nyc_311_raw_data.fct_nyc_311_performance
01:45:11.717151 [info ]: Started model nyc_311_raw_data.stg_nyc_311_requests
01:45:11.717155 [debug]: Started rendering model nyc_311_raw_data.stg_nyc_311_requests
01:45:11.717161 [info ]: Started model nyc_311_raw_data.audit_raw_311_data
01:45:11.717165 [debug]: Started rendering model nyc_311_raw_data.audit_raw_311_data
01:45:11.717171 [info ]: Started model nyc_311_raw_data.raw_service_requests
01:45:11.717175 [debug]: Started rendering model nyc_311_raw_data.raw_service_requests
01:45:11.717191 [info ]: Finished loading project [  0.14s]
01:45:11.717940 [debug]: Compiled SQL for node model.nyc_311_project.stg_nyc_311_requests at target\.lsp\compiled\nyc_311_project\models\Staging\stg_nyc_311_requests.sql
01:45:11.717950 [debug]: Compiled SQL for node model.nyc_311_project.audit_raw_311_data at target\.lsp\compiled\nyc_311_project\models\Staging\audit_raw_311_data.sql
01:45:11.717960 [debug]: Compiled SQL for node model.nyc_311_project.raw_service_requests at target\.lsp\compiled\nyc_311_project\models\Staging\raw_service_requests.sql
01:45:11.717980 [debug]: Finished rendering [  0.00s] model nyc_311_raw_data.stg_nyc_311_requests [success]
01:45:11.717996 [info ]: Started analyzing (4 nodes)
01:45:11.718002 [debug]: Started analyzing model nyc_311_raw_data.stg_nyc_311_requests
01:45:11.718011 [debug]: Finished rendering [  0.00s] model nyc_311_raw_data.audit_raw_311_data [success]
01:45:11.718019 [debug]: Started analyzing model nyc_311_raw_data.audit_raw_311_data
01:45:11.718030 [debug]: Finished rendering [  0.00s] model nyc_311_raw_data.raw_service_requests [success]
01:45:11.718037 [debug]: Started analyzing model nyc_311_raw_data.raw_service_requests
01:45:11.718134 [debug]: Finished analyzing [  0.00s] model nyc_311_raw_data.raw_service_requests [success]
01:45:11.718142 [info ]:  Succeeded [-------] model nyc_311_raw_data.raw_service_requests (table)
01:45:11.718310 [debug]: Finished analyzing [  0.00s] model nyc_311_raw_data.stg_nyc_311_requests [success]
01:45:11.718319 [info ]:  Succeeded [-------] model nyc_311_raw_data.stg_nyc_311_requests (view)
01:45:11.718673 [debug]: Compiled SQL for node model.nyc_311_project.fct_nyc_311_performance at target\.lsp\compiled\nyc_311_project\models\Intermediate\fct_nyc_311_performance.sql
01:45:11.718713 [debug]: Finished rendering [  0.00s] model nyc_311_raw_data.fct_nyc_311_performance [success]
01:45:11.718720 [info ]: Finished rendering [  0.00s] (4 nodes, 0 skipped, 0 errors)
01:45:11.718726 [debug]: Started analyzing model nyc_311_raw_data.fct_nyc_311_performance
01:45:11.718804 [debug]: Finished analyzing [  0.00s] model nyc_311_raw_data.audit_raw_311_data [success]
01:45:11.718814 [info ]:  Succeeded [-------] model nyc_311_raw_data.audit_raw_311_data (table)
01:45:11.720667 [debug]: Finished analyzing [  0.00s] model nyc_311_raw_data.fct_nyc_311_performance [success]
01:45:11.720676 [info ]: Finished analyzing [  0.00s] (4 nodes, 0 skipped, 0 errors)
01:45:11.720680 [info ]:  Succeeded [  0.00s] model nyc_311_raw_data.fct_nyc_311_performance (table)
01:45:11.723340 [info ]: Started scheduling
01:45:11.723363 [info ]: Finished scheduling [  0.00s]
01:45:11.724382 [info ]: Cached model count updated: 4 models (accurate)
